{"type":"FeatureCollection","fuente":"OpenStreetMap contributors (ODbL): relaciones Ferrocarril Santa Ana (1179376) y Ferrocarril del Sur del Peru (1082979)","descargado":"2026-09-11","features":[{"type":"Feature","properties":{"id":4819068},"geometry":{"type":"LineString","coordinates":[[-71.97048,-13.52794],[-71.97127,-13.52502]]}},{"type":"Feature","properties":{"id":5172487},"geometry":{"type":"LineString","coordinates":[[-71.9832,-13.52121],[-71.98472,-13.52239],[-71.98632,-13.52243]]}},{"type":"Feature","properties":{"id":5172488},"geometry":{"type":"LineString","coordinates":[[-71.9884,-13.51693],[-71.98812,-13.51899],[-71.98891,-13.52019],[-71.99016,-13.51963],[-71.99217,-13.51803]]}},{"type":"Feature","properties":{"id":5172489},"geometry":{"type":"LineString","coordinates":[[-71.99217,-13.51803],[-71.98957,-13.51926],[-71.9889,-13.51898],[-71.98898,-13.51805],[-71.98975,-13.51709],[-71.9902,-13.51576],[-71.99026,-13.51481],[-71.9895,-13.51369],[-71.98998,-13.51289]]}},{"type":"Feature","properties":{"id":5172490},"geometry":{"type":"LineString","coordinates":[[-71.98998,-13.51289],[-71.9897,-13.51352],[-71.99055,-13.51498],[-71.99046,-13.51674],[-71.99114,-13.51714],[-71.99153,-13.51658],[-71.99105,-13.51558],[-71.99089,-13.5132],[-71.99204,-13.51224],[-71.99215,-13.51088],[-71.99367,-13.50667],[-71.99417,-13.50635],[-71.99505,-13.50674],[-71.99558,-13.50645],[-71.99565,-13.50449],[-71.99642,-13.50451],[-71.99699,-13.50609],[-71.99806,-13.50559],[-71.99905,-13.5061],[-72.00006,-13.50566],[-72.001,-13.5066],[-72.00183,-13.50632],[-72.00133,-13.5044],[-71.99984,-13.50259],[-72.00017,-13.50187],[-72.00077,-13.50209],[-72.00108,-13.50325],[-72.00251,-13.50516],[-72.00546,-13.50769],[-72.00635,-13.50724],[-72.00683,-13.50501],[-72.00833,-13.50433],[-72.009,-13.50341],[-72.01117,-13.50272],[-72.01135,-13.50141],[-72.0109,-13.50041],[-72.01135,-13.49989],[-72.01202,-13.50042],[-72.01123,-13.50411],[-72.0117,-13.50484],[-72.01471,-13.50367],[-72.01558,-13.50247],[-72.01777,-13.50105],[-72.01881,-13.50055],[-72.01998,-13.50048],[-72.02153,-13.49968],[-72.02204,-13.49993],[-72.02217,-13.50051],[-72.02083,-13.50197],[-72.02078,-13.50281],[-72.02222,-13.50432],[-72.0228,-13.50424],[-72.02317,-13.50369]]}},{"type":"Feature","properties":{"id":5172586},"geometry":{"type":"LineString","coordinates":[[-72.02317,-13.50369],[-72.02383,-13.50277],[-72.02524,-13.50257],[-72.02651,-13.50181],[-72.02855,-13.50175],[-72.02957,-13.50272],[-72.03034,-13.5028],[-72.03107,-13.50111],[-72.03276,-13.49878]]}},{"type":"Feature","properties":{"id":5332371},"geometry":{"type":"LineString","coordinates":[[-72.03276,-13.49878],[-72.03889,-13.49529],[-72.04033,-13.49564],[-72.0421,-13.49504]]}},{"type":"Feature","properties":{"id":5363416},"geometry":{"type":"LineString","coordinates":[[-72.20469,-13.4485],[-72.20543,-13.44747],[-72.20546,-13.44413],[-72.20645,-13.44153]]}},{"type":"Feature","properties":{"id":5363417},"geometry":{"type":"LineString","coordinates":[[-72.20508,-13.4341],[-72.20264,-13.41586],[-72.20362,-13.41327]]}},{"type":"Feature","properties":{"id":5363418},"geometry":{"type":"LineString","coordinates":[[-72.20362,-13.41327],[-72.2042,-13.41265],[-72.20611,-13.41185],[-72.20847,-13.40706]]}},{"type":"Feature","properties":{"id":5363419},"geometry":{"type":"LineString","coordinates":[[-72.20847,-13.40706],[-72.20834,-13.40435]]}},{"type":"Feature","properties":{"id":5363422},"geometry":{"type":"LineString","coordinates":[[-72.23574,-13.37234],[-72.23437,-13.37392]]}},{"type":"Feature","properties":{"id":5404246},"geometry":{"type":"LineString","coordinates":[[-72.51409,-13.1853],[-72.51531,-13.18535],[-72.51739,-13.18446],[-72.51928,-13.18485],[-72.52145,-13.18478],[-72.52926,-13.18677],[-72.53186,-13.18575],[-72.53255,-13.18488]]}},{"type":"Feature","properties":{"id":5404247},"geometry":{"type":"LineString","coordinates":[[-72.27105,-13.26276],[-72.28263,-13.25261],[-72.28439,-13.25141],[-72.29327,-13.24747],[-72.29367,-13.24694],[-72.29421,-13.24229],[-72.2968,-13.23841],[-72.3008,-13.23406],[-72.30608,-13.2303]]}},{"type":"Feature","properties":{"id":5404251},"geometry":{"type":"LineString","coordinates":[[-72.26706,-13.26459],[-72.26819,-13.26446],[-72.27013,-13.2633]]}},{"type":"Feature","properties":{"id":5404258},"geometry":{"type":"LineString","coordinates":[[-72.52664,-13.17545],[-72.52601,-13.17454],[-72.52648,-13.1734],[-72.52618,-13.16886],[-72.52488,-13.16522],[-72.5235,-13.16357],[-72.52348,-13.16215],[-72.52278,-13.16096],[-72.52357,-13.15821]]}},{"type":"Feature","properties":{"id":23947728},"geometry":{"type":"LineString","coordinates":[[-72.53218,-13.15769],[-72.53299,-13.15967]]}},{"type":"Feature","properties":{"id":23947731},"geometry":{"type":"LineString","coordinates":[[-72.53178,-13.15698],[-72.53218,-13.15769]]}},{"type":"Feature","properties":{"id":23947762},"geometry":{"type":"LineString","coordinates":[[-72.53299,-13.15967],[-72.53326,-13.16039]]}},{"type":"Feature","properties":{"id":26326041},"geometry":{"type":"LineString","coordinates":[[-70.02645,-15.83577],[-70.02682,-15.8342],[-70.02607,-15.83312],[-70.0214,-15.83173],[-70.01665,-15.82848],[-70.00532,-15.82366],[-70.00127,-15.8244],[-69.99627,-15.82405],[-69.98967,-15.81963]]}},{"type":"Feature","properties":{"id":36090972},"geometry":{"type":"LineString","coordinates":[[-72.55282,-13.16805],[-72.55301,-13.16735],[-72.55248,-13.16225],[-72.55362,-13.15944],[-72.55472,-13.1585],[-72.55619,-13.15553],[-72.55652,-13.15285],[-72.55617,-13.1512],[-72.55537,-13.14997],[-72.55346,-13.14844],[-72.54887,-13.1456],[-72.54809,-13.14547],[-72.54517,-13.14609]]}},{"type":"Feature","properties":{"id":36090973},"geometry":{"type":"LineString","coordinates":[[-72.55243,-13.16867],[-72.55282,-13.16805]]}},{"type":"Feature","properties":{"id":36091316},"geometry":{"type":"LineString","coordinates":[[-72.54517,-13.14609],[-72.54226,-13.14704],[-72.54031,-13.14892],[-72.53856,-13.14911],[-72.53688,-13.14978],[-72.5358,-13.15098],[-72.53581,-13.15267]]}},{"type":"Feature","properties":{"id":37684836},"geometry":{"type":"LineString","coordinates":[[-71.36158,-14.18624],[-71.36197,-14.18615]]}},{"type":"Feature","properties":{"id":37684838},"geometry":{"type":"LineString","coordinates":[[-71.50441,-13.94211],[-71.50651,-13.94542],[-71.50703,-13.94684],[-71.50578,-13.95336],[-71.50226,-13.95863],[-71.50129,-13.96063],[-71.50024,-13.96148],[-71.4997,-13.96257],[-71.49888,-13.96586],[-71.49847,-13.96974],[-71.49713,-13.97163],[-71.49491,-13.97366],[-71.49423,-13.97503],[-71.49412,-13.98112],[-71.49358,-13.9822],[-71.49103,-13.98521]]}},{"type":"Feature","properties":{"id":43222232},"geometry":{"type":"LineString","coordinates":[[-71.6106,-16.45321],[-71.6137,-16.45002],[-71.61569,-16.44939],[-71.6211,-16.44468],[-71.62383,-16.44018],[-71.62461,-16.43783],[-71.63345,-16.42567],[-71.63371,-16.42446],[-71.63474,-16.42365],[-71.63508,-16.42261],[-71.63563,-16.42212],[-71.63687,-16.42219],[-71.63825,-16.42344],[-71.63954,-16.42311],[-71.64061,-16.42343],[-71.64331,-16.4279],[-71.64543,-16.42907],[-71.64667,-16.43187],[-71.64902,-16.43253],[-71.65005,-16.43214],[-71.65409,-16.43202],[-71.65796,-16.42995],[-71.66145,-16.43117],[-71.66827,-16.43041],[-71.67045,-16.42926],[-71.67359,-16.42876],[-71.67457,-16.42808],[-71.67606,-16.4277],[-71.67791,-16.42574],[-71.67986,-16.42547],[-71.68215,-16.42438]]}},{"type":"Feature","properties":{"id":43318116},"geometry":{"type":"LineString","coordinates":[[-71.79992,-16.41532],[-71.8094,-16.42209],[-71.81892,-16.42652],[-71.82376,-16.42767],[-71.82575,-16.4293],[-71.82969,-16.4343],[-71.82965,-16.43511],[-71.82323,-16.4515],[-71.82305,-16.45329],[-71.82375,-16.45599],[-71.82214,-16.45965],[-71.82032,-16.46678],[-71.81827,-16.48655],[-71.81308,-16.49198],[-71.81288,-16.49271],[-71.81334,-16.4934],[-71.81844,-16.49627],[-71.82648,-16.51009],[-71.83165,-16.51986],[-71.8315,-16.54065],[-71.84476,-16.60447]]}},{"type":"Feature","properties":{"id":46153305},"geometry":{"type":"LineString","coordinates":[[-72.3135,-13.22586],[-72.32728,-13.22429],[-72.33564,-13.22392],[-72.34227,-13.22232],[-72.34792,-13.22191],[-72.35264,-13.22327]]}},{"type":"Feature","properties":{"id":46157680},"geometry":{"type":"LineString","coordinates":[[-72.18107,-13.45719],[-72.19903,-13.45328],[-72.20469,-13.4485]]}},{"type":"Feature","properties":{"id":46159434},"geometry":{"type":"LineString","coordinates":[[-72.1083,-13.4773],[-72.10929,-13.47718],[-72.11229,-13.47585],[-72.11415,-13.4742],[-72.11968,-13.47449],[-72.12821,-13.4707]]}},{"type":"Feature","properties":{"id":46159463},"geometry":{"type":"LineString","coordinates":[[-72.14918,-13.4619],[-72.16014,-13.46095]]}},{"type":"Feature","properties":{"id":46159544},"geometry":{"type":"LineString","coordinates":[[-72.21101,-13.39748],[-72.21242,-13.39637],[-72.21477,-13.39648],[-72.21665,-13.39534],[-72.21763,-13.39377],[-72.22054,-13.39128],[-72.22372,-13.38757],[-72.22488,-13.38713],[-72.22686,-13.38512],[-72.22786,-13.38467],[-72.22865,-13.38289],[-72.23177,-13.37914]]}},{"type":"Feature","properties":{"id":46160935},"geometry":{"type":"LineString","coordinates":[[-72.22043,-13.27162],[-72.22338,-13.26934],[-72.22778,-13.26888],[-72.23133,-13.26767]]}},{"type":"Feature","properties":{"id":46162876},"geometry":{"type":"LineString","coordinates":[[-72.24079,-13.26314],[-72.25143,-13.2584],[-72.25675,-13.26122]]}},{"type":"Feature","properties":{"id":46162877},"geometry":{"type":"LineString","coordinates":[[-72.25675,-13.26122],[-72.26047,-13.26295]]}},{"type":"Feature","properties":{"id":68881664},"geometry":{"type":"LineString","coordinates":[[-71.24957,-15.99218],[-71.24883,-15.99355],[-71.24898,-15.99498]]}},{"type":"Feature","properties":{"id":68881669},"geometry":{"type":"LineString","coordinates":[[-71.68972,-16.21094],[-71.69044,-16.21165],[-71.69038,-16.21266],[-71.68908,-16.21347],[-71.6873,-16.21643],[-71.68804,-16.21786],[-71.68926,-16.21873],[-71.68928,-16.21969],[-71.68876,-16.22017],[-71.6879,-16.22028],[-71.686,-16.21955],[-71.68501,-16.21997],[-71.68497,-16.22219],[-71.68642,-16.22356],[-71.68651,-16.22483],[-71.68468,-16.22647],[-71.68319,-16.2272],[-71.68222,-16.22905],[-71.68056,-16.23009],[-71.67998,-16.23138],[-71.67843,-16.23241],[-71.67804,-16.23423],[-71.67841,-16.23621],[-71.67561,-16.23901]]}},{"type":"Feature","properties":{"id":68881671},"geometry":{"type":"LineString","coordinates":[[-71.55596,-16.42149],[-71.55568,-16.42179]]}},{"type":"Feature","properties":{"id":68881674},"geometry":{"type":"LineString","coordinates":[[-71.57551,-16.45913],[-71.57657,-16.45963],[-71.57816,-16.45894],[-71.57975,-16.45906],[-71.58231,-16.46122],[-71.58344,-16.46151],[-71.58574,-16.45994],[-71.58873,-16.45958],[-71.58989,-16.45866],[-71.59487,-16.45855]]}},{"type":"Feature","properties":{"id":68881676},"geometry":{"type":"LineString","coordinates":[[-71.36158,-16.0131],[-71.36033,-16.01397],[-71.35953,-16.01586],[-71.3595,-16.01754],[-71.36028,-16.0197],[-71.36084,-16.02044],[-71.36209,-16.02115],[-71.36489,-16.02117],[-71.3663,-16.02188],[-71.36789,-16.02204],[-71.36891,-16.02364],[-71.36913,-16.02625],[-71.36783,-16.03272],[-71.36875,-16.03524],[-71.37011,-16.0362],[-71.37289,-16.03698],[-71.37622,-16.03698],[-71.37805,-16.03596],[-71.38103,-16.03597],[-71.38485,-16.03336]]}},{"type":"Feature","properties":{"id":68881679},"geometry":{"type":"LineString","coordinates":[[-70.95304,-15.7814],[-70.95532,-15.78303],[-70.95721,-15.78331],[-70.96448,-15.78125]]}},{"type":"Feature","properties":{"id":68881680},"geometry":{"type":"LineString","coordinates":[[-71.5753,-16.45891],[-71.57551,-16.45913]]}},{"type":"Feature","properties":{"id":68881681},"geometry":{"type":"LineString","coordinates":[[-71.65066,-16.12243],[-71.65169,-16.12232],[-71.65229,-16.12296],[-71.65194,-16.12458],[-71.65266,-16.12701],[-71.65267,-16.12951],[-71.65303,-16.13057],[-71.6526,-16.1321],[-71.65353,-16.13345],[-71.65357,-16.13554],[-71.6551,-16.13601],[-71.65575,-16.1367],[-71.65537,-16.13786],[-71.65461,-16.13805],[-71.65396,-16.13772],[-71.65367,-16.13628],[-71.65293,-16.13505],[-71.65299,-16.13377],[-71.65212,-16.13303]]}},{"type":"Feature","properties":{"id":68881682},"geometry":{"type":"LineString","coordinates":[[-71.55527,-16.42354],[-71.56021,-16.42955]]}},{"type":"Feature","properties":{"id":68881851},"geometry":{"type":"LineString","coordinates":[[-70.13344,-15.48961],[-70.13511,-15.48461],[-70.14122,-15.44736],[-70.14114,-15.44521],[-70.13943,-15.43899],[-70.13962,-15.43773]]}},{"type":"Feature","properties":{"id":68881852},"geometry":{"type":"LineString","coordinates":[[-70.96448,-14.4932],[-70.96636,-14.49147],[-70.97225,-14.49058],[-70.98645,-14.48418],[-70.99068,-14.48077],[-71.00105,-14.4791],[-71.00547,-14.47948],[-71.0105,-14.47739],[-71.01295,-14.47717],[-71.01419,-14.47765],[-71.01652,-14.4798],[-71.02388,-14.48277],[-71.02686,-14.48308],[-71.03262,-14.48021],[-71.03757,-14.47616],[-71.05563,-14.4701],[-71.06761,-14.45855],[-71.07346,-14.45107],[-71.07438,-14.45057],[-71.08064,-14.44906],[-71.08128,-14.44856],[-71.08154,-14.44744],[-71.08115,-14.44549],[-71.08208,-14.44401],[-71.08697,-14.44315],[-71.09012,-14.44016],[-71.09507,-14.43696],[-71.10094,-14.43556],[-71.10528,-14.43187],[-71.10871,-14.43111],[-71.10991,-14.43051],[-71.11075,-14.42921],[-71.11745,-14.41377],[-71.11766,-14.41128],[-71.11819,-14.41018],[-71.11917,-14.40945],[-71.12257,-14.40836],[-71.12761,-14.40919],[-71.1293,-14.40912],[-71.13059,-14.40872],[-71.1318,-14.4076],[-71.13215,-14.4063],[-71.1324,-14.40071],[-71.13455,-14.39372],[-71.14096,-14.38017],[-71.16895,-14.3537]]}},{"type":"Feature","properties":{"id":68881855},"geometry":{"type":"LineString","coordinates":[[-70.76498,-14.62963],[-70.76708,-14.62799],[-70.78074,-14.61965],[-70.80926,-14.60862],[-70.8119,-14.60596],[-70.81245,-14.60407],[-70.81381,-14.60295],[-70.81542,-14.60268],[-70.82022,-14.60329],[-70.82147,-14.60315],[-70.82653,-14.59979],[-70.82782,-14.59997],[-70.83102,-14.60204],[-70.83512,-14.60111],[-70.85522,-14.58796],[-70.86163,-14.58253],[-70.86679,-14.57668],[-70.88161,-14.54728]]}},{"type":"Feature","properties":{"id":68882278},"geometry":{"type":"LineString","coordinates":[[-71.73844,-16.41138],[-71.73929,-16.41133],[-71.74154,-16.40985],[-71.74342,-16.40909],[-71.74646,-16.40985],[-71.74715,-16.41112],[-71.74568,-16.41291],[-71.74556,-16.41525]]}},{"type":"Feature","properties":{"id":77731500},"geometry":{"type":"LineString","coordinates":[[-72.39952,-13.2263],[-72.40362,-13.22715],[-72.40756,-13.22973],[-72.41229,-13.22894],[-72.41482,-13.2268],[-72.41589,-13.22658],[-72.41785,-13.22684],[-72.41993,-13.22551]]}},{"type":"Feature","properties":{"id":77731501},"geometry":{"type":"LineString","coordinates":[[-72.42498,-13.22499],[-72.4273,-13.22473],[-72.42949,-13.22563],[-72.4319,-13.22574],[-72.43521,-13.22478],[-72.43637,-13.2248]]}},{"type":"Feature","properties":{"id":77731502},"geometry":{"type":"LineString","coordinates":[[-72.44146,-13.22405],[-72.44296,-13.22356],[-72.44362,-13.22289],[-72.44577,-13.21621]]}},{"type":"Feature","properties":{"id":77731503},"geometry":{"type":"LineString","coordinates":[[-72.38336,-13.21527],[-72.38491,-13.21572],[-72.38573,-13.21665],[-72.3928,-13.22109],[-72.39427,-13.22109],[-72.39503,-13.22175],[-72.39597,-13.22357],[-72.39791,-13.22476],[-72.39952,-13.2263]]}},{"type":"Feature","properties":{"id":77731504},"geometry":{"type":"LineString","coordinates":[[-72.36159,-13.21628],[-72.36335,-13.21725],[-72.36658,-13.21513],[-72.3689,-13.21612],[-72.37057,-13.21617],[-72.37276,-13.21494],[-72.3766,-13.21468],[-72.37921,-13.21496],[-72.38127,-13.21462]]}},{"type":"Feature","properties":{"id":77731505},"geometry":{"type":"LineString","coordinates":[[-72.4523,-13.19879],[-72.45308,-13.19817],[-72.45321,-13.19714],[-72.45248,-13.19554],[-72.45396,-13.19252],[-72.45803,-13.19194],[-72.46013,-13.192],[-72.46208,-13.19435],[-72.46249,-13.19599],[-72.46257,-13.19926],[-72.46333,-13.2003]]}},{"type":"Feature","properties":{"id":77731506},"geometry":{"type":"LineString","coordinates":[[-72.46333,-13.2003],[-72.46596,-13.20073],[-72.46994,-13.20065],[-72.47267,-13.20154],[-72.47333,-13.20147],[-72.47404,-13.20067],[-72.47565,-13.19411],[-72.47739,-13.19243],[-72.48039,-13.19153],[-72.48095,-13.19103]]}},{"type":"Feature","properties":{"id":77731507},"geometry":{"type":"LineString","coordinates":[[-72.50083,-13.1712],[-72.50176,-13.17083],[-72.50303,-13.17134],[-72.50441,-13.17222],[-72.50537,-13.1739],[-72.50512,-13.17529],[-72.50574,-13.1773],[-72.50577,-13.17935],[-72.50391,-13.18114],[-72.50331,-13.18265],[-72.50437,-13.18464],[-72.50676,-13.18591],[-72.50912,-13.18595],[-72.51118,-13.18511],[-72.51409,-13.1853]]}},{"type":"Feature","properties":{"id":77731509},"geometry":{"type":"LineString","coordinates":[[-72.48095,-13.19103],[-72.48138,-13.18989],[-72.48045,-13.18729],[-72.48409,-13.18237],[-72.48459,-13.18073],[-72.48607,-13.17979],[-72.48999,-13.17841]]}},{"type":"Feature","properties":{"id":77731510},"geometry":{"type":"LineString","coordinates":[[-72.48999,-13.17841],[-72.49044,-13.17721],[-72.49209,-13.17601],[-72.49311,-13.17407],[-72.49571,-13.17285],[-72.4971,-13.17167]]}},{"type":"Feature","properties":{"id":91646932},"geometry":{"type":"LineString","coordinates":[[-71.55721,-16.3828],[-71.55724,-16.38763],[-71.55148,-16.40749],[-71.55172,-16.40863],[-71.55398,-16.41237],[-71.55447,-16.41469],[-71.5566,-16.41929],[-71.55662,-16.42044],[-71.55596,-16.42149]]}},{"type":"Feature","properties":{"id":91649172},"geometry":{"type":"LineString","coordinates":[[-69.98967,-15.81963],[-69.98962,-15.81848],[-69.99251,-15.81573],[-69.993,-15.81485],[-69.99326,-15.81245],[-69.99285,-15.81184],[-69.99175,-15.81122],[-69.99144,-15.81027],[-69.99313,-15.80782],[-69.9935,-15.80491],[-69.99403,-15.80349],[-69.99514,-15.80251],[-69.99679,-15.8029],[-69.99773,-15.80276],[-70.00068,-15.80048],[-70.00113,-15.79951],[-70.00121,-15.79672],[-70.00572,-15.79042],[-70.00639,-15.79005],[-70.00739,-15.79037],[-70.00833,-15.79316],[-70.01285,-15.79551],[-70.01459,-15.79589],[-70.01896,-15.79505],[-70.01987,-15.79359],[-70.01981,-15.79143],[-70.02016,-15.79042],[-70.02121,-15.78961],[-70.02345,-15.78923],[-70.02444,-15.78843],[-70.02867,-15.77872],[-70.0311,-15.77445],[-70.0325,-15.77343],[-70.03531,-15.77312],[-70.03673,-15.77203],[-70.04228,-15.75361]]}},{"type":"Feature","properties":{"id":96069442},"geometry":{"type":"LineString","coordinates":[[-70.62356,-15.76103],[-70.6241,-15.76198],[-70.6251,-15.7624],[-70.6286,-15.76264],[-70.63097,-15.76224],[-70.63226,-15.76243],[-70.63356,-15.76164],[-70.6361,-15.76107],[-70.63748,-15.75972],[-70.6406,-15.7588],[-70.64196,-15.75923],[-70.6426,-15.76037],[-70.64343,-15.76088],[-70.64441,-15.76078],[-70.64587,-15.75972],[-70.64704,-15.76006],[-70.64855,-15.7599],[-70.6501,-15.76131],[-70.65135,-15.76169],[-70.6536,-15.76048],[-70.65572,-15.76036],[-70.65651,-15.76119]]}},{"type":"Feature","properties":{"id":112883873},"geometry":{"type":"LineString","coordinates":[[-70.07404,-15.64865],[-70.09359,-15.58387],[-70.12578,-15.50933],[-70.13102,-15.49597]]}},{"type":"Feature","properties":{"id":119368319},"geometry":{"type":"LineString","coordinates":[[-72.56073,-13.17515],[-72.55864,-13.17554],[-72.55561,-13.17515]]}},{"type":"Feature","properties":{"id":119368321},"geometry":{"type":"LineString","coordinates":[[-72.55561,-13.17515],[-72.55879,-13.17491],[-72.56026,-13.17451],[-72.5605,-13.17443]]}},{"type":"Feature","properties":{"id":121486402},"geometry":{"type":"LineString","coordinates":[[-70.1612,-15.38281],[-70.18635,-15.33439],[-70.1998,-15.31814]]}},{"type":"Feature","properties":{"id":121486403},"geometry":{"type":"LineString","coordinates":[[-70.13962,-15.43773],[-70.14004,-15.43656]]}},{"type":"Feature","properties":{"id":135783445},"geometry":{"type":"LineString","coordinates":[[-72.53326,-13.16039],[-72.53418,-13.16149],[-72.53582,-13.16134]]}},{"type":"Feature","properties":{"id":135783797},"geometry":{"type":"LineString","coordinates":[[-71.99252,-13.52231],[-71.99356,-13.52264]]}},{"type":"Feature","properties":{"id":135783798},"geometry":{"type":"LineString","coordinates":[[-71.99252,-13.52231],[-71.99068,-13.52115],[-71.98895,-13.52123],[-71.98809,-13.52074],[-71.98781,-13.51894],[-71.9884,-13.51693],[-71.9891,-13.5161]]}},{"type":"Feature","properties":{"id":150987784},"geometry":{"type":"LineString","coordinates":[[-70.57706,-15.68684],[-70.57318,-15.68756],[-70.56944,-15.68745],[-70.56842,-15.68678]]}},{"type":"Feature","properties":{"id":150987791},"geometry":{"type":"LineString","coordinates":[[-70.57717,-15.68681],[-70.57706,-15.68684]]}},{"type":"Feature","properties":{"id":150987792},"geometry":{"type":"LineString","coordinates":[[-70.62356,-15.76103],[-70.62238,-15.75804],[-70.62301,-15.75627],[-70.62253,-15.75415],[-70.62271,-15.75238],[-70.61901,-15.7482],[-70.61829,-15.74604],[-70.61843,-15.74441],[-70.61778,-15.7434],[-70.61764,-15.74142],[-70.61692,-15.73944],[-70.61767,-15.73668],[-70.61644,-15.7338]]}},{"type":"Feature","properties":{"id":150987809},"geometry":{"type":"LineString","coordinates":[[-70.61644,-15.7338],[-70.61275,-15.72893],[-70.60933,-15.72622],[-70.60734,-15.72191],[-70.60766,-15.71755],[-70.60874,-15.71566],[-70.60882,-15.71295],[-70.61034,-15.70887],[-70.61001,-15.70499],[-70.60911,-15.70301],[-70.60046,-15.69374],[-70.5922,-15.68933],[-70.59018,-15.68838],[-70.58346,-15.68774],[-70.57977,-15.68655],[-70.57717,-15.68681]]}},{"type":"Feature","properties":{"id":150992751},"geometry":{"type":"LineString","coordinates":[[-70.60515,-14.87609],[-70.60552,-14.87583]]}},{"type":"Feature","properties":{"id":150992752},"geometry":{"type":"LineString","coordinates":[[-70.66702,-14.83125],[-70.66736,-14.83101]]}},{"type":"Feature","properties":{"id":150992754},"geometry":{"type":"LineString","coordinates":[[-70.62179,-14.86453],[-70.63169,-14.85765],[-70.64843,-14.84518]]}},{"type":"Feature","properties":{"id":151092773},"geometry":{"type":"LineString","coordinates":[[-70.68279,-15.78144],[-70.6848,-15.78176],[-70.68548,-15.7833],[-70.6866,-15.78375],[-70.68975,-15.78102],[-70.69063,-15.78097],[-70.69195,-15.78232],[-70.69259,-15.78369],[-70.69261,-15.78477],[-70.69354,-15.78663],[-70.69471,-15.78705],[-70.69535,-15.78654],[-70.69578,-15.78424],[-70.6966,-15.78377],[-70.6979,-15.78369],[-70.69847,-15.7831],[-70.69842,-15.78234],[-70.69719,-15.78116],[-70.69709,-15.78042],[-70.69775,-15.77853],[-70.69862,-15.7775],[-70.69909,-15.77585],[-70.70217,-15.77514],[-70.70434,-15.77549]]}},{"type":"Feature","properties":{"id":151092774},"geometry":{"type":"LineString","coordinates":[[-70.72329,-15.781],[-70.72209,-15.78307],[-70.72211,-15.78367],[-70.72282,-15.78429],[-70.72509,-15.78357],[-70.72559,-15.78228],[-70.7266,-15.78106],[-70.72893,-15.77942],[-70.73099,-15.77889],[-70.73268,-15.77986],[-70.73354,-15.77908]]}},{"type":"Feature","properties":{"id":151092775},"geometry":{"type":"LineString","coordinates":[[-70.65651,-15.76119],[-70.65719,-15.76173],[-70.65841,-15.76193],[-70.65979,-15.76332],[-70.66022,-15.76558],[-70.66261,-15.76896],[-70.66274,-15.77076],[-70.66593,-15.77335],[-70.66593,-15.7764],[-70.66657,-15.77727],[-70.67058,-15.77726],[-70.673,-15.77905],[-70.67438,-15.78123],[-70.67492,-15.78149],[-70.6787,-15.78006],[-70.6797,-15.78016],[-70.68279,-15.78144]]}},{"type":"Feature","properties":{"id":151092776},"geometry":{"type":"LineString","coordinates":[[-70.70434,-15.77549],[-70.70563,-15.77616],[-70.70617,-15.77719],[-70.70697,-15.77762],[-70.7079,-15.7771],[-70.70827,-15.77539],[-70.71088,-15.77412],[-70.71331,-15.77412],[-70.71625,-15.77566],[-70.71743,-15.77516],[-70.72318,-15.7741],[-70.7239,-15.77478],[-70.72357,-15.77669],[-70.72401,-15.77718],[-70.72553,-15.77753],[-70.72581,-15.7781],[-70.7256,-15.77886],[-70.72394,-15.77976],[-70.72329,-15.781]]}},{"type":"Feature","properties":{"id":151092777},"geometry":{"type":"LineString","coordinates":[[-70.73354,-15.77908],[-70.73382,-15.77731],[-70.73423,-15.77676],[-70.73743,-15.77583],[-70.74148,-15.77256],[-70.7438,-15.77253],[-70.74605,-15.7718],[-70.74746,-15.77198],[-70.74855,-15.7731],[-70.75018,-15.77315],[-70.75124,-15.77484],[-70.75307,-15.77499],[-70.75462,-15.77732],[-70.75545,-15.77788],[-70.75946,-15.77767],[-70.76111,-15.77696],[-70.76187,-15.77598],[-70.76121,-15.77412],[-70.76157,-15.77221],[-70.76244,-15.77115],[-70.7647,-15.76984],[-70.76657,-15.76786],[-70.76727,-15.76555],[-70.76899,-15.76298],[-70.76936,-15.76112],[-70.77215,-15.76049],[-70.77463,-15.75807],[-70.77801,-15.75634],[-70.78123,-15.75319],[-70.78229,-15.75339],[-70.78284,-15.75421],[-70.78198,-15.75606],[-70.78203,-15.75704],[-70.78247,-15.75756],[-70.78396,-15.75817],[-70.78572,-15.75976],[-70.78831,-15.75935],[-70.79011,-15.75976],[-70.79141,-15.75913],[-70.79265,-15.75771],[-70.79491,-15.758],[-70.79726,-15.75717],[-70.79926,-15.75719],[-70.80123,-15.75605],[-70.80867,-15.75732],[-70.81028,-15.75699],[-70.81279,-15.75714],[-70.8134,-15.75652],[-70.81344,-15.75541],[-70.81258,-15.75399],[-70.81102,-15.75256],[-70.8092,-15.74901],[-70.80965,-15.74754],[-70.81106,-15.74672],[-70.81258,-15.74711],[-70.81425,-15.74944],[-70.81609,-15.74982],[-70.81726,-15.75079],[-70.81859,-15.75118],[-70.81974,-15.751],[-70.82133,-15.74963],[-70.82221,-15.74942],[-70.82791,-15.74913],[-70.83145,-15.75027],[-70.83581,-15.74998]]}},{"type":"Feature","properties":{"id":158899441},"geometry":{"type":"LineString","coordinates":[[-70.46289,-15.66068],[-70.46454,-15.6599],[-70.46632,-15.6598],[-70.47773,-15.66376],[-70.48033,-15.66516],[-70.48274,-15.66564],[-70.48568,-15.66674],[-70.48703,-15.6677],[-70.48814,-15.67223]]}},{"type":"Feature","properties":{"id":175701395},"geometry":{"type":"LineString","coordinates":[[-71.63529,-16.295],[-71.63513,-16.29512]]}},{"type":"Feature","properties":{"id":175701396},"geometry":{"type":"LineString","coordinates":[[-71.63513,-16.29512],[-71.63412,-16.29562],[-71.63244,-16.29484],[-71.63075,-16.29516],[-71.62844,-16.29785],[-71.62814,-16.30134],[-71.62759,-16.3027]]}},{"type":"Feature","properties":{"id":186707161},"geometry":{"type":"LineString","coordinates":[[-70.96416,-14.49357],[-70.96448,-14.4932]]}},{"type":"Feature","properties":{"id":189805182},"geometry":{"type":"LineString","coordinates":[[-71.29449,-14.22017],[-71.3243,-14.19878],[-71.33021,-14.19405],[-71.33648,-14.19167],[-71.36158,-14.18624]]}},{"type":"Feature","properties":{"id":189805183},"geometry":{"type":"LineString","coordinates":[[-71.26952,-14.23828],[-71.26962,-14.23821]]}},{"type":"Feature","properties":{"id":193507778},"geometry":{"type":"LineString","coordinates":[[-72.23133,-13.26767],[-72.23355,-13.26697],[-72.23386,-13.26613]]}},{"type":"Feature","properties":{"id":200263983},"geometry":{"type":"LineString","coordinates":[[-70.90796,-15.76827],[-70.90849,-15.76843],[-70.90901,-15.76877],[-70.90926,-15.76968]]}},{"type":"Feature","properties":{"id":200263984},"geometry":{"type":"LineString","coordinates":[[-70.91248,-15.76918],[-70.91069,-15.76888],[-70.90849,-15.76843]]}},{"type":"Feature","properties":{"id":200263985},"geometry":{"type":"LineString","coordinates":[[-70.91862,-15.77402],[-70.9201,-15.7748],[-70.93026,-15.7767],[-70.94613,-15.77622],[-70.94785,-15.77701],[-70.95304,-15.7814]]}},{"type":"Feature","properties":{"id":200263986},"geometry":{"type":"LineString","coordinates":[[-70.91069,-15.76888],[-70.90984,-15.76897],[-70.90926,-15.76968],[-70.9092,-15.77004]]}},{"type":"Feature","properties":{"id":227007129},"geometry":{"type":"LineString","coordinates":[[-71.71152,-13.58158],[-71.7114,-13.58164]]}},{"type":"Feature","properties":{"id":227007132},"geometry":{"type":"LineString","coordinates":[[-71.67051,-13.66989],[-71.65887,-13.66585],[-71.65422,-13.6664],[-71.65247,-13.66582],[-71.65136,-13.66456],[-71.64911,-13.6643],[-71.6481,-13.66312],[-71.64566,-13.66267],[-71.64426,-13.66196],[-71.64204,-13.66199],[-71.63935,-13.66279],[-71.63467,-13.66755],[-71.62498,-13.68287],[-71.6224,-13.68399],[-71.61527,-13.68941],[-71.61061,-13.69373],[-71.60761,-13.69483],[-71.60669,-13.69604],[-71.60398,-13.70172],[-71.60366,-13.70583],[-71.60263,-13.70803],[-71.60144,-13.71502],[-71.60144,-13.71909],[-71.60099,-13.72208],[-71.60238,-13.72607],[-71.6033,-13.73305],[-71.60231,-13.73846],[-71.59215,-13.75271],[-71.59038,-13.75389],[-71.58723,-13.75461],[-71.58618,-13.75526],[-71.58477,-13.75975],[-71.58315,-13.7613],[-71.57645,-13.77121],[-71.57619,-13.77206],[-71.5765,-13.77464],[-71.57551,-13.77736]]}},{"type":"Feature","properties":{"id":227010025},"geometry":{"type":"LineString","coordinates":[[-71.73331,-13.60968],[-71.73318,-13.60968]]}},{"type":"Feature","properties":{"id":227010026},"geometry":{"type":"LineString","coordinates":[[-71.73318,-13.60968],[-71.73186,-13.60951],[-71.73087,-13.6088],[-71.72446,-13.60058],[-71.72198,-13.59416],[-71.71942,-13.59038],[-71.71895,-13.58791],[-71.71331,-13.58172],[-71.71251,-13.58139],[-71.71152,-13.58158]]}},{"type":"Feature","properties":{"id":231233037},"geometry":{"type":"LineString","coordinates":[[-72.23382,-13.26575],[-72.23424,-13.26486],[-72.24079,-13.26314]]}},{"type":"Feature","properties":{"id":231233038},"geometry":{"type":"LineString","coordinates":[[-72.23386,-13.26613],[-72.23382,-13.26575]]}},{"type":"Feature","properties":{"id":232222237},"geometry":{"type":"LineString","coordinates":[[-72.56026,-13.17451],[-72.55879,-13.17491]]}},{"type":"Feature","properties":{"id":232393524},"geometry":{"type":"LineString","coordinates":[[-72.53582,-13.16134],[-72.53772,-13.16024],[-72.53847,-13.15918],[-72.54093,-13.15827],[-72.54124,-13.15767],[-72.5393,-13.15509],[-72.53688,-13.15466],[-72.53581,-13.15267]]}},{"type":"Feature","properties":{"id":232393693},"geometry":{"type":"LineString","coordinates":[[-72.52377,-13.1572],[-72.5238,-13.15714]]}},{"type":"Feature","properties":{"id":232393695},"geometry":{"type":"LineString","coordinates":[[-72.5238,-13.15714],[-72.52428,-13.15621],[-72.52564,-13.15523]]}},{"type":"Feature","properties":{"id":290563588},"geometry":{"type":"LineString","coordinates":[[-72.22292,-13.27906],[-72.22637,-13.28105],[-72.22774,-13.28238],[-72.22815,-13.28355],[-72.22731,-13.28563],[-72.22872,-13.28798],[-72.22895,-13.28966],[-72.22996,-13.29204],[-72.23258,-13.29596],[-72.23366,-13.29896],[-72.23481,-13.30014],[-72.23609,-13.30626],[-72.23583,-13.30848],[-72.23534,-13.3097],[-72.23523,-13.31394],[-72.23468,-13.31714],[-72.23512,-13.31902],[-72.23378,-13.32076],[-72.23344,-13.3223],[-72.23353,-13.32707],[-72.23291,-13.32902],[-72.23147,-13.32959],[-72.23137,-13.33323],[-72.23177,-13.33671],[-72.23331,-13.34361],[-72.23453,-13.34476],[-72.23475,-13.34654],[-72.23564,-13.34732],[-72.2359,-13.34844],[-72.23869,-13.35153],[-72.23971,-13.3543],[-72.24067,-13.35528],[-72.24007,-13.36013],[-72.24059,-13.3619],[-72.23922,-13.36563],[-72.2381,-13.36717],[-72.23709,-13.36974],[-72.23625,-13.37057],[-72.23564,-13.37221],[-72.23469,-13.3731],[-72.23437,-13.37392]]}},{"type":"Feature","properties":{"id":290563589},"geometry":{"type":"LineString","coordinates":[[-72.22012,-13.27249],[-72.22092,-13.27714],[-72.22292,-13.27906]]}},{"type":"Feature","properties":{"id":295152613},"geometry":{"type":"LineString","coordinates":[[-71.49096,-13.98527],[-71.48801,-13.98816],[-71.48573,-13.99257],[-71.48315,-13.99513],[-71.48115,-13.99497],[-71.47649,-13.99551],[-71.4757,-13.99573],[-71.47393,-13.99708],[-71.46763,-13.99492],[-71.46569,-13.99529],[-71.46445,-13.99591],[-71.46443,-13.99708],[-71.46542,-13.99894],[-71.46584,-14.00187],[-71.4649,-14.00647],[-71.46176,-14.01363],[-71.46122,-14.01686],[-71.46121,-14.02204],[-71.4605,-14.02388],[-71.46033,-14.02634],[-71.45856,-14.02827],[-71.45814,-14.03072],[-71.4568,-14.03346],[-71.45569,-14.03475],[-71.45444,-14.03759],[-71.45437,-14.0411],[-71.45354,-14.04333],[-71.45326,-14.04638],[-71.45271,-14.04817],[-71.45221,-14.05378],[-71.44896,-14.06271],[-71.44325,-14.07483],[-71.4425,-14.07727],[-71.44164,-14.08229],[-71.44195,-14.08323],[-71.44378,-14.08496],[-71.44455,-14.08644],[-71.44478,-14.09414]]}},{"type":"Feature","properties":{"id":295152614},"geometry":{"type":"LineString","coordinates":[[-71.21531,-14.2947],[-71.21514,-14.2939]]}},{"type":"Feature","properties":{"id":295152615},"geometry":{"type":"LineString","coordinates":[[-71.49103,-13.98521],[-71.49096,-13.98527]]}},{"type":"Feature","properties":{"id":295152616},"geometry":{"type":"LineString","coordinates":[[-71.21514,-14.2939],[-71.21546,-14.29198],[-71.22431,-14.28017],[-71.22783,-14.27267],[-71.22824,-14.26043],[-71.22876,-14.25734]]}},{"type":"Feature","properties":{"id":297579190},"geometry":{"type":"LineString","coordinates":[[-71.96909,-13.5292],[-71.96768,-13.53037],[-71.96743,-13.53343],[-71.96669,-13.53464],[-71.96579,-13.53509]]}},{"type":"Feature","properties":{"id":297581143},"geometry":{"type":"LineString","coordinates":[[-71.6689,-16.2677],[-71.6675,-16.26763],[-71.66473,-16.2694],[-71.66326,-16.27115],[-71.66233,-16.27339],[-71.66076,-16.27413],[-71.6599,-16.27584],[-71.65895,-16.27581],[-71.65668,-16.27441],[-71.65545,-16.27289],[-71.65465,-16.27284],[-71.65391,-16.27335],[-71.65375,-16.274],[-71.6541,-16.27472],[-71.65646,-16.27708],[-71.6576,-16.27973],[-71.65768,-16.28125],[-71.65651,-16.28282],[-71.64958,-16.2861],[-71.64943,-16.28702],[-71.65002,-16.28894],[-71.64929,-16.29066],[-71.6496,-16.29161],[-71.65063,-16.29284],[-71.65022,-16.29388],[-71.64946,-16.29412],[-71.64792,-16.29336],[-71.64683,-16.29384],[-71.64554,-16.29384],[-71.645,-16.29426],[-71.64452,-16.29548],[-71.64382,-16.29578],[-71.64249,-16.29497],[-71.64121,-16.29472],[-71.64056,-16.29361],[-71.64004,-16.29338],[-71.6376,-16.29336],[-71.63644,-16.29411]]}},{"type":"Feature","properties":{"id":297582297},"geometry":{"type":"LineString","coordinates":[[-70.48814,-15.67223],[-70.48843,-15.67262]]}},{"type":"Feature","properties":{"id":297582298},"geometry":{"type":"LineString","coordinates":[[-70.48843,-15.67262],[-70.49007,-15.67442],[-70.49182,-15.67779],[-70.49273,-15.67857],[-70.51651,-15.68887],[-70.53148,-15.68986],[-70.53338,-15.69083],[-70.53927,-15.68917],[-70.54039,-15.6901],[-70.54137,-15.69031],[-70.5431,-15.68928],[-70.54492,-15.68876],[-70.54639,-15.68746],[-70.54759,-15.68256],[-70.54896,-15.68122],[-70.55814,-15.68026],[-70.5615,-15.68084],[-70.56724,-15.68464],[-70.56842,-15.68678]]}},{"type":"Feature","properties":{"id":299942428},"geometry":{"type":"LineString","coordinates":[[-70.13344,-15.48961],[-70.13473,-15.48799],[-70.13791,-15.4871],[-70.20561,-15.47976],[-70.20724,-15.48034],[-70.23974,-15.52896],[-70.24389,-15.54368],[-70.24592,-15.54731],[-70.2889,-15.59698],[-70.29041,-15.5982],[-70.32946,-15.62118],[-70.33178,-15.62522],[-70.35555,-15.64602],[-70.35865,-15.64913],[-70.35914,-15.65031],[-70.35882,-15.65365],[-70.35941,-15.65536],[-70.36359,-15.65949],[-70.36563,-15.66403],[-70.37435,-15.67069],[-70.39235,-15.677],[-70.39635,-15.67903],[-70.39822,-15.67954],[-70.41104,-15.67814],[-70.41588,-15.67621],[-70.42167,-15.67793],[-70.42282,-15.6793],[-70.4236,-15.67969],[-70.4309,-15.67956],[-70.4374,-15.67804],[-70.4501,-15.67107],[-70.45201,-15.66988],[-70.46289,-15.66068]]}},{"type":"Feature","properties":{"id":319262208},"geometry":{"type":"LineString","coordinates":[[-71.22957,-14.25557],[-71.2312,-14.25315],[-71.2363,-14.24946],[-71.24198,-14.24706]]}},{"type":"Feature","properties":{"id":320108730},"geometry":{"type":"LineString","coordinates":[[-71.79985,-16.41527],[-71.79992,-16.41532]]}},{"type":"Feature","properties":{"id":320445694},"geometry":{"type":"LineString","coordinates":[[-71.98632,-13.52243],[-71.9896,-13.52171],[-71.99252,-13.52231]]}},{"type":"Feature","properties":{"id":328659790},"geometry":{"type":"LineString","coordinates":[[-70.83581,-15.74998],[-70.83673,-15.75004],[-70.83969,-15.74846],[-70.8432,-15.7451],[-70.846,-15.74472],[-70.8497,-15.74612],[-70.85342,-15.7484],[-70.85499,-15.75095],[-70.85589,-15.75555],[-70.85657,-15.7564],[-70.85805,-15.75732],[-70.85883,-15.75915],[-70.8596,-15.75987],[-70.86162,-15.76044],[-70.86381,-15.76012],[-70.86647,-15.75926],[-70.86792,-15.75797],[-70.86893,-15.75768],[-70.87465,-15.75749],[-70.87733,-15.75816],[-70.88,-15.75736],[-70.88199,-15.7574],[-70.88418,-15.75845],[-70.88779,-15.75908],[-70.89303,-15.76091],[-70.89724,-15.76385],[-70.9041,-15.76731],[-70.90796,-15.76827],[-70.91248,-15.76918],[-70.914,-15.76953],[-70.91584,-15.77063],[-70.91862,-15.77402]]}},{"type":"Feature","properties":{"id":328659791},"geometry":{"type":"LineString","coordinates":[[-70.96448,-15.78125],[-70.96465,-15.7812]]}},{"type":"Feature","properties":{"id":328659792},"geometry":{"type":"LineString","coordinates":[[-70.96465,-15.7812],[-70.96619,-15.78067],[-70.9739,-15.77586],[-70.97883,-15.77008],[-70.98158,-15.76813],[-70.9894,-15.76487],[-70.99265,-15.76492],[-70.99588,-15.76695],[-70.99904,-15.7704],[-71.00076,-15.7738],[-71.00194,-15.77491]]}},{"type":"Feature","properties":{"id":328659793},"geometry":{"type":"LineString","coordinates":[[-71.08897,-15.83761],[-71.09972,-15.84119],[-71.1023,-15.84272],[-71.13301,-15.87087],[-71.13785,-15.87681],[-71.139,-15.88025],[-71.14001,-15.88117],[-71.1416,-15.88168]]}},{"type":"Feature","properties":{"id":329636440},"geometry":{"type":"LineString","coordinates":[[-71.65098,-16.16961],[-71.65242,-16.1708],[-71.65412,-16.17392],[-71.65378,-16.18023],[-71.65446,-16.18089],[-71.65537,-16.18109],[-71.65818,-16.18051],[-71.65955,-16.17908],[-71.66068,-16.1793],[-71.66098,-16.17989],[-71.66078,-16.18081],[-71.65855,-16.183],[-71.65867,-16.18491],[-71.65957,-16.186],[-71.6616,-16.18645],[-71.66229,-16.18696],[-71.66259,-16.18774],[-71.66224,-16.18958],[-71.66269,-16.19068],[-71.66548,-16.19387],[-71.66807,-16.19614],[-71.66861,-16.19807],[-71.67009,-16.19889],[-71.67114,-16.20031],[-71.67298,-16.20097],[-71.67553,-16.19954],[-71.67685,-16.1995],[-71.67807,-16.20005],[-71.67835,-16.20108],[-71.67705,-16.20217],[-71.67694,-16.20301],[-71.67809,-16.20611],[-71.68064,-16.20773],[-71.68083,-16.20914],[-71.68126,-16.20964],[-71.68382,-16.20923],[-71.68434,-16.20959],[-71.68478,-16.21104],[-71.68547,-16.21144],[-71.68772,-16.21056],[-71.68972,-16.21094]]}},{"type":"Feature","properties":{"id":329636447},"geometry":{"type":"LineString","coordinates":[[-71.65081,-16.16949],[-71.65098,-16.16961]]}},{"type":"Feature","properties":{"id":331580941},"geometry":{"type":"LineString","coordinates":[[-71.45337,-16.04122],[-71.46139,-16.05957],[-71.4671,-16.06877],[-71.4699,-16.07108],[-71.47212,-16.0718],[-71.47994,-16.07329],[-71.48321,-16.07531],[-71.48933,-16.0769],[-71.50371,-16.07631],[-71.50704,-16.07471],[-71.51073,-16.07517],[-71.51187,-16.07433],[-71.51266,-16.07199]]}},{"type":"Feature","properties":{"id":334526715},"geometry":{"type":"LineString","coordinates":[[-71.96579,-13.53509],[-71.95894,-13.53757],[-71.95278,-13.53799],[-71.94884,-13.53991],[-71.94556,-13.53999],[-71.93206,-13.54292],[-71.92358,-13.5419],[-71.90595,-13.54161],[-71.90226,-13.543],[-71.89219,-13.54949],[-71.88326,-13.55291],[-71.87505,-13.55497],[-71.86971,-13.5545],[-71.86775,-13.55478],[-71.86156,-13.55368],[-71.859,-13.55403],[-71.85218,-13.55845],[-71.8314,-13.5679],[-71.82824,-13.56843],[-71.81869,-13.57371],[-71.8012,-13.58842],[-71.79986,-13.58868],[-71.79256,-13.58853],[-71.78921,-13.58925],[-71.78638,-13.59078],[-71.78326,-13.59424],[-71.78213,-13.59493],[-71.76867,-13.59929],[-71.76298,-13.60059],[-71.75715,-13.60394],[-71.74629,-13.60863],[-71.73331,-13.60968]]}},{"type":"Feature","properties":{"id":379045033},"geometry":{"type":"LineString","coordinates":[[-71.98998,-13.51289],[-71.99094,-13.51218]]}},{"type":"Feature","properties":{"id":379045035},"geometry":{"type":"LineString","coordinates":[[-71.99217,-13.51803],[-71.99325,-13.51747]]}},{"type":"Feature","properties":{"id":379045036},"geometry":{"type":"LineString","coordinates":[[-72.23437,-13.37392],[-72.23397,-13.37625]]}},{"type":"Feature","properties":{"id":398862267},"geometry":{"type":"LineString","coordinates":[[-71.64226,-16.12994],[-71.64279,-16.13076]]}},{"type":"Feature","properties":{"id":398862268},"geometry":{"type":"LineString","coordinates":[[-71.61717,-16.09055],[-71.61787,-16.09201],[-71.61954,-16.09346],[-71.62048,-16.09371],[-71.62104,-16.09344]]}},{"type":"Feature","properties":{"id":399346381},"geometry":{"type":"LineString","coordinates":[[-71.56309,-16.35946],[-71.56216,-16.36124],[-71.55721,-16.3828]]}},{"type":"Feature","properties":{"id":399349045},"geometry":{"type":"LineString","coordinates":[[-71.62239,-16.08634],[-71.62361,-16.08686]]}},{"type":"Feature","properties":{"id":399349046},"geometry":{"type":"LineString","coordinates":[[-71.62213,-16.08642],[-71.62221,-16.08639]]}},{"type":"Feature","properties":{"id":399349361},"geometry":{"type":"LineString","coordinates":[[-71.64854,-16.1573],[-71.65035,-16.15866],[-71.65136,-16.16094],[-71.65157,-16.16422],[-71.65012,-16.16847],[-71.65081,-16.16949]]}},{"type":"Feature","properties":{"id":399349953},"geometry":{"type":"LineString","coordinates":[[-71.43172,-16.02457],[-71.44692,-16.02542]]}},{"type":"Feature","properties":{"id":399349954},"geometry":{"type":"LineString","coordinates":[[-71.43114,-16.02462],[-71.43125,-16.02461]]}},{"type":"Feature","properties":{"id":399350011},"geometry":{"type":"LineString","coordinates":[[-71.42328,-16.02616],[-71.42451,-16.02639],[-71.42667,-16.02498],[-71.42764,-16.0248]]}},{"type":"Feature","properties":{"id":399350012},"geometry":{"type":"LineString","coordinates":[[-71.42258,-16.02569],[-71.42267,-16.02575]]}},{"type":"Feature","properties":{"id":485993809},"geometry":{"type":"LineString","coordinates":[[-71.34627,-15.97742],[-71.34642,-15.97671]]}},{"type":"Feature","properties":{"id":485993811},"geometry":{"type":"LineString","coordinates":[[-71.35318,-15.97769],[-71.35346,-15.97886],[-71.3543,-15.97943],[-71.35799,-15.97823]]}},{"type":"Feature","properties":{"id":505207339},"geometry":{"type":"LineString","coordinates":[[-72.56134,-13.17503],[-72.56073,-13.17515]]}},{"type":"Feature","properties":{"id":511616956},"geometry":{"type":"LineString","coordinates":[[-70.2066,-15.30838],[-70.20727,-15.30727]]}},{"type":"Feature","properties":{"id":511616959},"geometry":{"type":"LineString","coordinates":[[-70.5251,-14.88461],[-70.53681,-14.87752],[-70.54655,-14.87282],[-70.55394,-14.87175],[-70.56172,-14.87276],[-70.56324,-14.87323],[-70.57865,-14.88713],[-70.58007,-14.88776],[-70.58157,-14.88753],[-70.5885,-14.88483],[-70.58993,-14.88471],[-70.59233,-14.88543],[-70.59349,-14.88526],[-70.59997,-14.87968]]}},{"type":"Feature","properties":{"id":520915783},"geometry":{"type":"LineString","coordinates":[[-72.26047,-13.26295],[-72.26402,-13.26435],[-72.26706,-13.26459]]}},{"type":"Feature","properties":{"id":537037941},"geometry":{"type":"LineString","coordinates":[[-71.58874,-16.34063],[-71.58833,-16.34095]]}},{"type":"Feature","properties":{"id":537037942},"geometry":{"type":"LineString","coordinates":[[-71.58833,-16.34095],[-71.58557,-16.34265],[-71.58143,-16.34291]]}},{"type":"Feature","properties":{"id":546700399},"geometry":{"type":"LineString","coordinates":[[-71.08867,-15.83751],[-71.08897,-15.83761]]}},{"type":"Feature","properties":{"id":546700400},"geometry":{"type":"LineString","coordinates":[[-71.08801,-15.83729],[-71.08867,-15.83751]]}},{"type":"Feature","properties":{"id":546700401},"geometry":{"type":"LineString","coordinates":[[-71.08771,-15.83719],[-71.08801,-15.83729]]}},{"type":"Feature","properties":{"id":546700402},"geometry":{"type":"LineString","coordinates":[[-71.00194,-15.77491],[-71.0855,-15.83625],[-71.08771,-15.83719]]}},{"type":"Feature","properties":{"id":586006072},"geometry":{"type":"LineString","coordinates":[[-72.0421,-13.49504],[-72.04271,-13.49389]]}},{"type":"Feature","properties":{"id":586006076},"geometry":{"type":"LineString","coordinates":[[-72.52357,-13.15821],[-72.52377,-13.1572]]}},{"type":"Feature","properties":{"id":586006999},"geometry":{"type":"LineString","coordinates":[[-72.22012,-13.27249],[-72.22043,-13.27162]]}},{"type":"Feature","properties":{"id":596675268},"geometry":{"type":"LineString","coordinates":[[-71.56153,-16.43131],[-71.56209,-16.43298],[-71.56451,-16.43489],[-71.56482,-16.43701],[-71.56612,-16.43985],[-71.56596,-16.44184],[-71.56712,-16.44505],[-71.56791,-16.44881],[-71.57044,-16.45143],[-71.57365,-16.45643],[-71.57429,-16.45808],[-71.5753,-16.45891]]}},{"type":"Feature","properties":{"id":596675278},"geometry":{"type":"LineString","coordinates":[[-71.56021,-16.42955],[-71.56025,-16.4296]]}},{"type":"Feature","properties":{"id":596675279},"geometry":{"type":"LineString","coordinates":[[-71.56025,-16.4296],[-71.56153,-16.43131]]}},{"type":"Feature","properties":{"id":625469228},"geometry":{"type":"LineString","coordinates":[[-71.62759,-16.3027],[-71.62586,-16.30644],[-71.62327,-16.30763],[-71.62313,-16.30838],[-71.62361,-16.31025],[-71.6228,-16.31158],[-71.6185,-16.31333],[-71.61532,-16.3156],[-71.61308,-16.31601],[-71.61072,-16.31804],[-71.60396,-16.3218],[-71.59888,-16.32398],[-71.59147,-16.33742]]}},{"type":"Feature","properties":{"id":626736598},"geometry":{"type":"LineString","coordinates":[[-71.19972,-15.97505],[-71.20098,-15.97471],[-71.2031,-15.97528],[-71.20377,-15.976],[-71.2047,-15.97807]]}},{"type":"Feature","properties":{"id":626736606},"geometry":{"type":"LineString","coordinates":[[-71.1902,-15.97527],[-71.19025,-15.97531]]}},{"type":"Feature","properties":{"id":626736616},"geometry":{"type":"LineString","coordinates":[[-71.14167,-15.88168],[-71.14462,-15.88062],[-71.14691,-15.88099],[-71.14918,-15.88307],[-71.15168,-15.88716],[-71.1594,-15.89456],[-71.18,-15.90237],[-71.18161,-15.90317],[-71.18258,-15.90414],[-71.18361,-15.90761],[-71.18759,-15.91259],[-71.1888,-15.91816],[-71.19015,-15.91992],[-71.1902,-15.92177],[-71.18815,-15.93611],[-71.18681,-15.94022],[-71.18726,-15.94169],[-71.1872,-15.94293],[-71.18644,-15.9448],[-71.18687,-15.94821],[-71.18851,-15.95181],[-71.1887,-15.95728]]}},{"type":"Feature","properties":{"id":626736622},"geometry":{"type":"LineString","coordinates":[[-71.1416,-15.88168],[-71.14167,-15.88168]]}},{"type":"Feature","properties":{"id":629485275},"geometry":{"type":"LineString","coordinates":[[-72.52564,-13.15523],[-72.52573,-13.15512]]}},{"type":"Feature","properties":{"id":629507003},"geometry":{"type":"LineString","coordinates":[[-72.55166,-13.17404],[-72.55142,-13.17237],[-72.55273,-13.17059],[-72.55227,-13.16923],[-72.55243,-13.16867]]}},{"type":"Feature","properties":{"id":629507004},"geometry":{"type":"LineString","coordinates":[[-72.55188,-13.17436],[-72.55166,-13.17404]]}},{"type":"Feature","properties":{"id":629546223},"geometry":{"type":"LineString","coordinates":[[-72.56073,-13.17515],[-72.55878,-13.17588],[-72.55578,-13.17603],[-72.55188,-13.17436]]}},{"type":"Feature","properties":{"id":629546224},"geometry":{"type":"LineString","coordinates":[[-72.55561,-13.17515],[-72.55416,-13.17477]]}},{"type":"Feature","properties":{"id":641983717},"geometry":{"type":"LineString","coordinates":[[-70.74883,-14.70073],[-70.74903,-14.67737],[-70.75021,-14.66049],[-70.75165,-14.65017],[-70.75198,-14.64891],[-70.75781,-14.63747],[-70.76052,-14.63353],[-70.76442,-14.63009]]}},{"type":"Feature","properties":{"id":641983718},"geometry":{"type":"LineString","coordinates":[[-70.74883,-14.70078],[-70.74883,-14.70073]]}},{"type":"Feature","properties":{"id":641983719},"geometry":{"type":"LineString","coordinates":[[-70.76442,-14.63009],[-70.76498,-14.62963]]}},{"type":"Feature","properties":{"id":641983720},"geometry":{"type":"LineString","coordinates":[[-70.66774,-14.83074],[-70.70258,-14.80806],[-70.72303,-14.79344],[-70.72686,-14.78888],[-70.72711,-14.78772],[-70.72671,-14.78639],[-70.72415,-14.7839],[-70.7217,-14.78016],[-70.72139,-14.77825],[-70.72235,-14.77672]]}},{"type":"Feature","properties":{"id":641984379},"geometry":{"type":"LineString","coordinates":[[-70.88173,-14.54704],[-70.88521,-14.54024],[-70.89212,-14.53685],[-70.89473,-14.53634],[-70.89683,-14.53513],[-70.93451,-14.5083],[-70.94439,-14.50636],[-70.95112,-14.50285],[-70.95649,-14.50114],[-70.96171,-14.49652],[-70.96273,-14.49461],[-70.96416,-14.49357]]}},{"type":"Feature","properties":{"id":641984380},"geometry":{"type":"LineString","coordinates":[[-70.88161,-14.54728],[-70.88173,-14.54704]]}},{"type":"Feature","properties":{"id":641986916},"geometry":{"type":"LineString","coordinates":[[-72.12853,-13.47056],[-72.1301,-13.46978],[-72.13082,-13.46836]]}},{"type":"Feature","properties":{"id":641986917},"geometry":{"type":"LineString","coordinates":[[-72.12821,-13.4707],[-72.12853,-13.47056]]}},{"type":"Feature","properties":{"id":641987925},"geometry":{"type":"LineString","coordinates":[[-72.14903,-13.46196],[-72.14918,-13.4619]]}},{"type":"Feature","properties":{"id":641987926},"geometry":{"type":"LineString","coordinates":[[-72.13082,-13.46836],[-72.13151,-13.46642],[-72.13221,-13.4658],[-72.14516,-13.46349],[-72.14903,-13.46196]]}},{"type":"Feature","properties":{"id":641997593},"geometry":{"type":"LineString","coordinates":[[-72.21092,-13.39757],[-72.21101,-13.39748]]}},{"type":"Feature","properties":{"id":641997594},"geometry":{"type":"LineString","coordinates":[[-72.20834,-13.40435],[-72.20822,-13.40225],[-72.20888,-13.40005],[-72.21092,-13.39757]]}},{"type":"Feature","properties":{"id":642000907},"geometry":{"type":"LineString","coordinates":[[-72.27024,-13.26324],[-72.27105,-13.26276]]}},{"type":"Feature","properties":{"id":642000908},"geometry":{"type":"LineString","coordinates":[[-72.27013,-13.2633],[-72.27024,-13.26324]]}},{"type":"Feature","properties":{"id":642002129},"geometry":{"type":"LineString","coordinates":[[-72.30621,-13.23021],[-72.31195,-13.22617],[-72.3135,-13.22586]]}},{"type":"Feature","properties":{"id":642002130},"geometry":{"type":"LineString","coordinates":[[-72.30608,-13.2303],[-72.30621,-13.23021]]}},{"type":"Feature","properties":{"id":642002466},"geometry":{"type":"LineString","coordinates":[[-72.36139,-13.21627],[-72.36159,-13.21628]]}},{"type":"Feature","properties":{"id":642002468},"geometry":{"type":"LineString","coordinates":[[-72.35264,-13.22327],[-72.35355,-13.22273],[-72.35474,-13.22023],[-72.35656,-13.21829]]}},{"type":"Feature","properties":{"id":650735466},"geometry":{"type":"LineString","coordinates":[[-71.59147,-16.33742],[-71.59045,-16.33919],[-71.58874,-16.34063]]}},{"type":"Feature","properties":{"id":698772499},"geometry":{"type":"LineString","coordinates":[[-72.04271,-13.49389],[-72.04275,-13.49382]]}},{"type":"Feature","properties":{"id":698772500},"geometry":{"type":"LineString","coordinates":[[-72.04275,-13.49382],[-72.04364,-13.49222],[-72.04613,-13.49023],[-72.04925,-13.4896],[-72.04949,-13.48846]]}},{"type":"Feature","properties":{"id":744251724},"geometry":{"type":"LineString","coordinates":[[-70.40521,-14.95632],[-70.40603,-14.95618]]}},{"type":"Feature","properties":{"id":744251725},"geometry":{"type":"LineString","coordinates":[[-70.30342,-15.11541],[-70.31677,-15.08519],[-70.3169,-15.08211],[-70.31529,-15.07803],[-70.31656,-15.07412],[-70.3166,-15.07093],[-70.32224,-15.06011]]}},{"type":"Feature","properties":{"id":746049794},"geometry":{"type":"LineString","coordinates":[[-72.06938,-13.48174],[-72.06943,-13.4817]]}},{"type":"Feature","properties":{"id":746049795},"geometry":{"type":"LineString","coordinates":[[-72.06943,-13.4817],[-72.07854,-13.47781]]}},{"type":"Feature","properties":{"id":746052833},"geometry":{"type":"LineString","coordinates":[[-72.04949,-13.48846],[-72.04948,-13.48842]]}},{"type":"Feature","properties":{"id":746052834},"geometry":{"type":"LineString","coordinates":[[-72.04948,-13.48842],[-72.04989,-13.48561],[-72.05203,-13.48351]]}},{"type":"Feature","properties":{"id":746052837},"geometry":{"type":"LineString","coordinates":[[-72.05203,-13.48351],[-72.05209,-13.48345]]}},{"type":"Feature","properties":{"id":746052838},"geometry":{"type":"LineString","coordinates":[[-72.05209,-13.48345],[-72.0538,-13.48225],[-72.05582,-13.48303],[-72.05923,-13.4833]]}},{"type":"Feature","properties":{"id":746061258},"geometry":{"type":"LineString","coordinates":[[-72.05983,-13.48381],[-72.0599,-13.48388]]}},{"type":"Feature","properties":{"id":746061259},"geometry":{"type":"LineString","coordinates":[[-72.0599,-13.48388],[-72.06126,-13.48569],[-72.06342,-13.48617]]}},{"type":"Feature","properties":{"id":746061262},"geometry":{"type":"LineString","coordinates":[[-72.0593,-13.48333],[-72.05983,-13.48381]]}},{"type":"Feature","properties":{"id":746061263},"geometry":{"type":"LineString","coordinates":[[-72.05923,-13.4833],[-72.0593,-13.48333]]}},{"type":"Feature","properties":{"id":746232841},"geometry":{"type":"LineString","coordinates":[[-72.06342,-13.48617],[-72.06383,-13.48624]]}},{"type":"Feature","properties":{"id":746232842},"geometry":{"type":"LineString","coordinates":[[-72.06383,-13.48624],[-72.06486,-13.48607],[-72.06938,-13.48174]]}},{"type":"Feature","properties":{"id":746271714},"geometry":{"type":"LineString","coordinates":[[-72.07859,-13.4778],[-72.08796,-13.47409],[-72.09868,-13.47374],[-72.0995,-13.47413],[-72.10091,-13.47617],[-72.10648,-13.47739],[-72.1083,-13.4773]]}},{"type":"Feature","properties":{"id":746271715},"geometry":{"type":"LineString","coordinates":[[-72.07854,-13.47781],[-72.07859,-13.4778]]}},{"type":"Feature","properties":{"id":768776916},"geometry":{"type":"LineString","coordinates":[[-72.45108,-13.21206],[-72.45051,-13.20889],[-72.45185,-13.20635],[-72.45216,-13.20382],[-72.45188,-13.20095],[-72.4523,-13.19879]]}},{"type":"Feature","properties":{"id":768776917},"geometry":{"type":"LineString","coordinates":[[-72.45108,-13.21216],[-72.45108,-13.21206]]}},{"type":"Feature","properties":{"id":768957182},"geometry":{"type":"LineString","coordinates":[[-71.97002,-13.52851],[-71.96909,-13.5292]]}},{"type":"Feature","properties":{"id":769152590},"geometry":{"type":"LineString","coordinates":[[-72.43637,-13.2248],[-72.43656,-13.22489]]}},{"type":"Feature","properties":{"id":769152595},"geometry":{"type":"LineString","coordinates":[[-72.38326,-13.21523],[-72.38336,-13.21527]]}},{"type":"Feature","properties":{"id":769152596},"geometry":{"type":"LineString","coordinates":[[-72.38127,-13.21462],[-72.38326,-13.21523]]}},{"type":"Feature","properties":{"id":769152597},"geometry":{"type":"LineString","coordinates":[[-72.3567,-13.21806],[-72.35766,-13.21679],[-72.3603,-13.21619],[-72.36139,-13.21627]]}},{"type":"Feature","properties":{"id":769152598},"geometry":{"type":"LineString","coordinates":[[-72.35656,-13.21829],[-72.3567,-13.21806]]}},{"type":"Feature","properties":{"id":769443757},"geometry":{"type":"LineString","coordinates":[[-71.5754,-13.7775],[-71.56865,-13.7852],[-71.5589,-13.79372],[-71.55784,-13.79639],[-71.55621,-13.79892],[-71.55246,-13.80179],[-71.55107,-13.80326],[-71.54924,-13.80634],[-71.54904,-13.80755],[-71.55258,-13.81115],[-71.55372,-13.81371],[-71.55349,-13.81661],[-71.55303,-13.81733],[-71.54991,-13.81969],[-71.5454,-13.82155],[-71.54388,-13.82281],[-71.5432,-13.82434],[-71.54228,-13.82881],[-71.54126,-13.8317]]}},{"type":"Feature","properties":{"id":769443758},"geometry":{"type":"LineString","coordinates":[[-71.57551,-13.77736],[-71.5754,-13.7775]]}},{"type":"Feature","properties":{"id":769443763},"geometry":{"type":"LineString","coordinates":[[-71.67058,-13.66991],[-71.67051,-13.66989]]}},{"type":"Feature","properties":{"id":769443764},"geometry":{"type":"LineString","coordinates":[[-71.7114,-13.58164],[-71.71076,-13.58228],[-71.70934,-13.58523],[-71.70602,-13.58591],[-71.70451,-13.5873],[-71.70385,-13.58869],[-71.70381,-13.59338],[-71.70322,-13.59607],[-71.70266,-13.59702],[-71.70094,-13.59848],[-71.70038,-13.60044],[-71.69865,-13.60368],[-71.69609,-13.6061],[-71.69279,-13.6076],[-71.68771,-13.61075],[-71.68549,-13.61559],[-71.68228,-13.61843],[-71.68229,-13.61976],[-71.68389,-13.6214],[-71.68415,-13.62259],[-71.68368,-13.62403],[-71.68216,-13.62647],[-71.68195,-13.63194],[-71.68269,-13.63493],[-71.68166,-13.63803],[-71.68206,-13.63997],[-71.68195,-13.64454],[-71.6827,-13.64587],[-71.68512,-13.6464],[-71.68609,-13.64704],[-71.68675,-13.64821],[-71.6868,-13.64925],[-71.68441,-13.65311],[-71.68461,-13.65654],[-71.68369,-13.65827],[-71.67432,-13.66909],[-71.67285,-13.66986],[-71.67058,-13.66991]]}},{"type":"Feature","properties":{"id":769455548},"geometry":{"type":"LineString","coordinates":[[-71.16895,-14.3537],[-71.16903,-14.35364]]}},{"type":"Feature","properties":{"id":769455549},"geometry":{"type":"LineString","coordinates":[[-71.16903,-14.35364],[-71.17834,-14.34881],[-71.18117,-14.34591]]}},{"type":"Feature","properties":{"id":769455554},"geometry":{"type":"LineString","coordinates":[[-71.18117,-14.34591],[-71.1813,-14.34578]]}},{"type":"Feature","properties":{"id":769455555},"geometry":{"type":"LineString","coordinates":[[-71.1813,-14.34578],[-71.18987,-14.33596],[-71.21498,-14.29766],[-71.21552,-14.29637],[-71.21531,-14.2947]]}},{"type":"Feature","properties":{"id":769455559},"geometry":{"type":"LineString","coordinates":[[-71.22955,-14.25562],[-71.22957,-14.25557]]}},{"type":"Feature","properties":{"id":769455560},"geometry":{"type":"LineString","coordinates":[[-71.22876,-14.25734],[-71.22955,-14.25562]]}},{"type":"Feature","properties":{"id":770024792},"geometry":{"type":"LineString","coordinates":[[-70.74975,-14.71779],[-70.74878,-14.70675],[-70.74883,-14.70078]]}},{"type":"Feature","properties":{"id":770024793},"geometry":{"type":"LineString","coordinates":[[-70.74976,-14.71785],[-70.74975,-14.71779]]}},{"type":"Feature","properties":{"id":770026224},"geometry":{"type":"LineString","coordinates":[[-70.72241,-14.77666],[-70.72924,-14.77002],[-70.73339,-14.76114],[-70.75092,-14.73385],[-70.75112,-14.73274],[-70.74976,-14.71785]]}},{"type":"Feature","properties":{"id":770026225},"geometry":{"type":"LineString","coordinates":[[-70.72235,-14.77672],[-70.72241,-14.77666]]}},{"type":"Feature","properties":{"id":770048813},"geometry":{"type":"LineString","coordinates":[[-70.28643,-15.15366],[-70.28749,-15.15128]]}},{"type":"Feature","properties":{"id":770048814},"geometry":{"type":"LineString","coordinates":[[-70.24999,-15.23696],[-70.2514,-15.23493],[-70.25316,-15.23344],[-70.2539,-15.23204],[-70.25942,-15.20951],[-70.26545,-15.19261]]}},{"type":"Feature","properties":{"id":770048823},"geometry":{"type":"LineString","coordinates":[[-70.32224,-15.06011],[-70.32279,-15.05903]]}},{"type":"Feature","properties":{"id":770048824},"geometry":{"type":"LineString","coordinates":[[-70.32279,-15.05903],[-70.34835,-15.01127]]}},{"type":"Feature","properties":{"id":770048831},"geometry":{"type":"LineString","coordinates":[[-70.34835,-15.01127],[-70.34948,-15.00964]]}},{"type":"Feature","properties":{"id":770048832},"geometry":{"type":"LineString","coordinates":[[-70.3622,-14.99361],[-70.38367,-14.96879],[-70.38693,-14.96642]]}},{"type":"Feature","properties":{"id":770048833},"geometry":{"type":"LineString","coordinates":[[-70.38757,-14.96601],[-70.40084,-14.95753],[-70.40241,-14.95687],[-70.40521,-14.95632]]}},{"type":"Feature","properties":{"id":770048834},"geometry":{"type":"LineString","coordinates":[[-70.38693,-14.96642],[-70.38757,-14.96601]]}},{"type":"Feature","properties":{"id":770048835},"geometry":{"type":"LineString","coordinates":[[-70.40603,-14.95618],[-70.40773,-14.95586]]}},{"type":"Feature","properties":{"id":770048836},"geometry":{"type":"LineString","coordinates":[[-70.40773,-14.95586],[-70.40966,-14.95555]]}},{"type":"Feature","properties":{"id":770048844},"geometry":{"type":"LineString","coordinates":[[-70.49007,-14.90594],[-70.49671,-14.90192]]}},{"type":"Feature","properties":{"id":770048845},"geometry":{"type":"LineString","coordinates":[[-70.48991,-14.90603],[-70.49007,-14.90594]]}},{"type":"Feature","properties":{"id":770048847},"geometry":{"type":"LineString","coordinates":[[-70.49671,-14.90192],[-70.49747,-14.90146]]}},{"type":"Feature","properties":{"id":770048848},"geometry":{"type":"LineString","coordinates":[[-70.49789,-14.90121],[-70.49853,-14.90082]]}},{"type":"Feature","properties":{"id":770048849},"geometry":{"type":"LineString","coordinates":[[-70.49747,-14.90146],[-70.49789,-14.90121]]}},{"type":"Feature","properties":{"id":770048850},"geometry":{"type":"LineString","coordinates":[[-70.40966,-14.95555],[-70.41775,-14.95697],[-70.42098,-14.9564],[-70.42351,-14.95517],[-70.42757,-14.95173],[-70.44486,-14.94136],[-70.45094,-14.93883],[-70.46038,-14.92598]]}},{"type":"Feature","properties":{"id":770060286},"geometry":{"type":"LineString","coordinates":[[-70.26545,-15.19261],[-70.26665,-15.19024]]}},{"type":"Feature","properties":{"id":770060287},"geometry":{"type":"LineString","coordinates":[[-70.26665,-15.19024],[-70.28427,-15.15839],[-70.28643,-15.15366]]}},{"type":"Feature","properties":{"id":770060288},"geometry":{"type":"LineString","coordinates":[[-70.30145,-15.11985],[-70.30288,-15.11664]]}},{"type":"Feature","properties":{"id":770060289},"geometry":{"type":"LineString","coordinates":[[-70.30288,-15.11664],[-70.30342,-15.11541]]}},{"type":"Feature","properties":{"id":770060290},"geometry":{"type":"LineString","coordinates":[[-70.28749,-15.15128],[-70.30145,-15.11985]]}},{"type":"Feature","properties":{"id":770060294},"geometry":{"type":"LineString","coordinates":[[-70.36165,-14.99427],[-70.3622,-14.99361]]}},{"type":"Feature","properties":{"id":770060295},"geometry":{"type":"LineString","coordinates":[[-70.34948,-15.00964],[-70.36165,-14.99427]]}},{"type":"Feature","properties":{"id":770060296},"geometry":{"type":"LineString","coordinates":[[-70.46081,-14.92538],[-70.46276,-14.92271],[-70.46436,-14.92155]]}},{"type":"Feature","properties":{"id":770060297},"geometry":{"type":"LineString","coordinates":[[-70.46038,-14.92598],[-70.46081,-14.92538]]}},{"type":"Feature","properties":{"id":770060298},"geometry":{"type":"LineString","coordinates":[[-70.46504,-14.92114],[-70.46561,-14.92079]]}},{"type":"Feature","properties":{"id":770060299},"geometry":{"type":"LineString","coordinates":[[-70.46436,-14.92155],[-70.46504,-14.92114]]}},{"type":"Feature","properties":{"id":770060300},"geometry":{"type":"LineString","coordinates":[[-70.4667,-14.92014],[-70.48991,-14.90603]]}},{"type":"Feature","properties":{"id":770060301},"geometry":{"type":"LineString","coordinates":[[-70.46561,-14.92079],[-70.4667,-14.92014]]}},{"type":"Feature","properties":{"id":770060302},"geometry":{"type":"LineString","coordinates":[[-70.5239,-14.88537],[-70.5251,-14.88461]]}},{"type":"Feature","properties":{"id":770060303},"geometry":{"type":"LineString","coordinates":[[-70.49853,-14.90082],[-70.5239,-14.88537]]}},{"type":"Feature","properties":{"id":770064996},"geometry":{"type":"LineString","coordinates":[[-70.15753,-15.38979],[-70.15984,-15.38541]]}},{"type":"Feature","properties":{"id":770064997},"geometry":{"type":"LineString","coordinates":[[-70.15988,-15.38532],[-70.1612,-15.38281]]}},{"type":"Feature","properties":{"id":770064998},"geometry":{"type":"LineString","coordinates":[[-70.15984,-15.38541],[-70.15988,-15.38532]]}},{"type":"Feature","properties":{"id":770065002},"geometry":{"type":"LineString","coordinates":[[-70.14004,-15.43656],[-70.15322,-15.40003],[-70.15563,-15.3936],[-70.15753,-15.38979]]}},{"type":"Feature","properties":{"id":770065009},"geometry":{"type":"LineString","coordinates":[[-70.20022,-15.31763],[-70.20271,-15.31463],[-70.2066,-15.30838]]}},{"type":"Feature","properties":{"id":770065010},"geometry":{"type":"LineString","coordinates":[[-70.1998,-15.31814],[-70.20022,-15.31763]]}},{"type":"Feature","properties":{"id":770065011},"geometry":{"type":"LineString","coordinates":[[-70.20727,-15.30727],[-70.20889,-15.30456]]}},{"type":"Feature","properties":{"id":770065012},"geometry":{"type":"LineString","coordinates":[[-70.24991,-15.23709],[-70.24999,-15.23696]]}},{"type":"Feature","properties":{"id":770065013},"geometry":{"type":"LineString","coordinates":[[-70.20889,-15.30456],[-70.24991,-15.23709]]}},{"type":"Feature","properties":{"id":770512625},"geometry":{"type":"LineString","coordinates":[[-70.05879,-15.69911],[-70.07404,-15.64865]]}},{"type":"Feature","properties":{"id":770512626},"geometry":{"type":"LineString","coordinates":[[-70.0587,-15.69942],[-70.05879,-15.69911]]}},{"type":"Feature","properties":{"id":770904227},"geometry":{"type":"LineString","coordinates":[[-70.64843,-14.84518],[-70.64846,-14.84516]]}},{"type":"Feature","properties":{"id":770904228},"geometry":{"type":"LineString","coordinates":[[-70.64846,-14.84516],[-70.66571,-14.83219]]}},{"type":"Feature","properties":{"id":770904232},"geometry":{"type":"LineString","coordinates":[[-70.60414,-14.87678],[-70.60515,-14.87609]]}},{"type":"Feature","properties":{"id":770904233},"geometry":{"type":"LineString","coordinates":[[-70.60552,-14.87583],[-70.60704,-14.87479]]}},{"type":"Feature","properties":{"id":770910670},"geometry":{"type":"LineString","coordinates":[[-70.66736,-14.83101],[-70.66774,-14.83074]]}},{"type":"Feature","properties":{"id":770910671},"geometry":{"type":"LineString","coordinates":[[-70.66571,-14.83219],[-70.66702,-14.83125]]}},{"type":"Feature","properties":{"id":770913852},"geometry":{"type":"LineString","coordinates":[[-70.62175,-14.86456],[-70.62179,-14.86453]]}},{"type":"Feature","properties":{"id":770913853},"geometry":{"type":"LineString","coordinates":[[-70.60704,-14.87479],[-70.62175,-14.86456]]}},{"type":"Feature","properties":{"id":770918025},"geometry":{"type":"LineString","coordinates":[[-70.6,-14.87966],[-70.60414,-14.87678]]}},{"type":"Feature","properties":{"id":770918026},"geometry":{"type":"LineString","coordinates":[[-70.59997,-14.87968],[-70.6,-14.87966]]}},{"type":"Feature","properties":{"id":779690348},"geometry":{"type":"LineString","coordinates":[[-71.7291,-16.412],[-71.73088,-16.41111]]}},{"type":"Feature","properties":{"id":779690349},"geometry":{"type":"LineString","coordinates":[[-71.73088,-16.41111],[-71.73132,-16.40991],[-71.73082,-16.40907],[-71.72837,-16.40883],[-71.72777,-16.40828],[-71.72785,-16.40685],[-71.72933,-16.40549],[-71.72998,-16.40541],[-71.73122,-16.40608],[-71.73203,-16.40611],[-71.73406,-16.4041],[-71.7361,-16.40457],[-71.73687,-16.40419],[-71.73708,-16.40352],[-71.73671,-16.40248],[-71.73755,-16.40144],[-71.73851,-16.40117],[-71.74105,-16.40133],[-71.74245,-16.40036],[-71.74351,-16.40053],[-71.7439,-16.40094],[-71.74388,-16.40174],[-71.74192,-16.40416],[-71.74065,-16.40501]]}},{"type":"Feature","properties":{"id":779690350},"geometry":{"type":"LineString","coordinates":[[-71.74065,-16.40501],[-71.74045,-16.40571]]}},{"type":"Feature","properties":{"id":779690351},"geometry":{"type":"LineString","coordinates":[[-71.74045,-16.40571],[-71.7402,-16.40817],[-71.73956,-16.40927]]}},{"type":"Feature","properties":{"id":779690352},"geometry":{"type":"LineString","coordinates":[[-71.738,-16.40978],[-71.73767,-16.4105]]}},{"type":"Feature","properties":{"id":779690353},"geometry":{"type":"LineString","coordinates":[[-71.73767,-16.4105],[-71.7379,-16.41105]]}},{"type":"Feature","properties":{"id":779690354},"geometry":{"type":"LineString","coordinates":[[-71.7379,-16.41105],[-71.73844,-16.41138]]}},{"type":"Feature","properties":{"id":779690355},"geometry":{"type":"LineString","coordinates":[[-71.73956,-16.40927],[-71.738,-16.40978]]}},{"type":"Feature","properties":{"id":779690358},"geometry":{"type":"LineString","coordinates":[[-71.74556,-16.41525],[-71.74625,-16.41575],[-71.74682,-16.41571]]}},{"type":"Feature","properties":{"id":779690359},"geometry":{"type":"LineString","coordinates":[[-71.74682,-16.41571],[-71.751,-16.41424],[-71.7532,-16.41583],[-71.75494,-16.41592],[-71.75566,-16.41632],[-71.7565,-16.41838],[-71.75764,-16.41851]]}},{"type":"Feature","properties":{"id":779690361},"geometry":{"type":"LineString","coordinates":[[-71.75764,-16.41851],[-71.7581,-16.4184]]}},{"type":"Feature","properties":{"id":779690362},"geometry":{"type":"LineString","coordinates":[[-71.7581,-16.4184],[-71.759,-16.4186],[-71.75944,-16.41927]]}},{"type":"Feature","properties":{"id":779690363},"geometry":{"type":"LineString","coordinates":[[-71.76197,-16.42094],[-71.76255,-16.42106]]}},{"type":"Feature","properties":{"id":779690364},"geometry":{"type":"LineString","coordinates":[[-71.76003,-16.42029],[-71.76197,-16.42094]]}},{"type":"Feature","properties":{"id":779690365},"geometry":{"type":"LineString","coordinates":[[-71.75944,-16.41927],[-71.76003,-16.42029]]}},{"type":"Feature","properties":{"id":779690366},"geometry":{"type":"LineString","coordinates":[[-71.76255,-16.42106],[-71.76371,-16.42079],[-71.76504,-16.42169],[-71.76659,-16.42207],[-71.76727,-16.42186],[-71.76758,-16.42074],[-71.76614,-16.41865],[-71.76663,-16.41755]]}},{"type":"Feature","properties":{"id":779690367},"geometry":{"type":"LineString","coordinates":[[-71.76663,-16.41755],[-71.76738,-16.41727]]}},{"type":"Feature","properties":{"id":779690368},"geometry":{"type":"LineString","coordinates":[[-71.76738,-16.41727],[-71.76827,-16.41586],[-71.76944,-16.41543],[-71.7702,-16.41579],[-71.77083,-16.41692],[-71.77318,-16.41752]]}},{"type":"Feature","properties":{"id":779690370},"geometry":{"type":"LineString","coordinates":[[-71.77318,-16.41752],[-71.77411,-16.41728],[-71.77434,-16.4166]]}},{"type":"Feature","properties":{"id":779690371},"geometry":{"type":"LineString","coordinates":[[-71.77434,-16.4166],[-71.77434,-16.41647]]}},{"type":"Feature","properties":{"id":779690372},"geometry":{"type":"LineString","coordinates":[[-71.77434,-16.41647],[-71.77479,-16.4155]]}},{"type":"Feature","properties":{"id":779690373},"geometry":{"type":"LineString","coordinates":[[-71.77479,-16.4155],[-71.77636,-16.41366],[-71.77637,-16.4129],[-71.7757,-16.41233],[-71.7744,-16.41253],[-71.77369,-16.41208],[-71.7729,-16.41057],[-71.77192,-16.40961],[-71.77188,-16.40848],[-71.77109,-16.40712],[-71.77133,-16.40637],[-71.77252,-16.40586],[-71.77323,-16.40496],[-71.7735,-16.40395],[-71.7742,-16.40354],[-71.77519,-16.40374],[-71.77668,-16.40333],[-71.7775,-16.40369],[-71.77874,-16.40362],[-71.78002,-16.40535],[-71.78134,-16.40593],[-71.78227,-16.40571],[-71.78323,-16.40426]]}},{"type":"Feature","properties":{"id":779690379},"geometry":{"type":"LineString","coordinates":[[-71.78323,-16.40426],[-71.78423,-16.40436]]}},{"type":"Feature","properties":{"id":779690380},"geometry":{"type":"LineString","coordinates":[[-71.78423,-16.40436],[-71.78621,-16.40659]]}},{"type":"Feature","properties":{"id":779690381},"geometry":{"type":"LineString","coordinates":[[-71.78621,-16.40659],[-71.78754,-16.40717],[-71.78799,-16.40778]]}},{"type":"Feature","properties":{"id":779690382},"geometry":{"type":"LineString","coordinates":[[-71.78799,-16.40778],[-71.78941,-16.40935],[-71.79103,-16.41039],[-71.79264,-16.41297]]}},{"type":"Feature","properties":{"id":779690383},"geometry":{"type":"LineString","coordinates":[[-71.79265,-16.4162],[-71.79312,-16.41619]]}},{"type":"Feature","properties":{"id":779690384},"geometry":{"type":"LineString","coordinates":[[-71.79151,-16.4148],[-71.7915,-16.41491]]}},{"type":"Feature","properties":{"id":779690385},"geometry":{"type":"LineString","coordinates":[[-71.79174,-16.41427],[-71.79151,-16.4148]]}},{"type":"Feature","properties":{"id":779690386},"geometry":{"type":"LineString","coordinates":[[-71.79189,-16.4141],[-71.79174,-16.41427]]}},{"type":"Feature","properties":{"id":779690387},"geometry":{"type":"LineString","coordinates":[[-71.79264,-16.41297],[-71.79189,-16.4141]]}},{"type":"Feature","properties":{"id":779690388},"geometry":{"type":"LineString","coordinates":[[-71.7915,-16.41491],[-71.79189,-16.41582],[-71.79265,-16.4162]]}},{"type":"Feature","properties":{"id":779690389},"geometry":{"type":"LineString","coordinates":[[-71.79312,-16.41619],[-71.79394,-16.41566],[-71.79411,-16.41456]]}},{"type":"Feature","properties":{"id":779690390},"geometry":{"type":"LineString","coordinates":[[-71.79411,-16.41456],[-71.79435,-16.41319],[-71.79566,-16.41265],[-71.79645,-16.41289],[-71.79985,-16.41527]]}},{"type":"Feature","properties":{"id":779715691},"geometry":{"type":"LineString","coordinates":[[-71.68215,-16.42438],[-71.68238,-16.4236]]}},{"type":"Feature","properties":{"id":779715692},"geometry":{"type":"LineString","coordinates":[[-71.68238,-16.4236],[-71.68247,-16.42285],[-71.68298,-16.42239],[-71.68465,-16.42253],[-71.68584,-16.42171],[-71.68716,-16.41882],[-71.68786,-16.41868],[-71.68872,-16.41904],[-71.68958,-16.41978],[-71.68952,-16.42237],[-71.69067,-16.42362],[-71.69082,-16.42569],[-71.69218,-16.4279],[-71.69291,-16.43046],[-71.69382,-16.43122],[-71.69617,-16.43139],[-71.69721,-16.43082],[-71.69764,-16.43008],[-71.69862,-16.42309],[-71.70137,-16.42246],[-71.70454,-16.42121],[-71.7062,-16.42272],[-71.70713,-16.42264],[-71.70754,-16.42179],[-71.70709,-16.41865],[-71.7089,-16.41669],[-71.7097,-16.41663],[-71.71051,-16.41732],[-71.7113,-16.41749],[-71.71272,-16.41689],[-71.71353,-16.41574],[-71.71425,-16.41539],[-71.71819,-16.4157],[-71.72318,-16.41401],[-71.72659,-16.41464],[-71.72842,-16.41333],[-71.7291,-16.412]]}},{"type":"Feature","properties":{"id":779724221},"geometry":{"type":"LineString","coordinates":[[-71.59487,-16.45855],[-71.59542,-16.45807]]}},{"type":"Feature","properties":{"id":779724222},"geometry":{"type":"LineString","coordinates":[[-71.59542,-16.45807],[-71.5971,-16.45697],[-71.59916,-16.45665],[-71.59981,-16.45678],[-71.6008,-16.45762],[-71.60212,-16.45748],[-71.60368,-16.45586],[-71.60586,-16.45541]]}},{"type":"Feature","properties":{"id":779724223},"geometry":{"type":"LineString","coordinates":[[-71.60586,-16.45541],[-71.60673,-16.4556],[-71.60799,-16.45671],[-71.60909,-16.45619]]}},{"type":"Feature","properties":{"id":779724224},"geometry":{"type":"LineString","coordinates":[[-71.60909,-16.45619],[-71.60932,-16.45509],[-71.6106,-16.45321]]}},{"type":"Feature","properties":{"id":780626554},"geometry":{"type":"LineString","coordinates":[[-71.55568,-16.42179],[-71.55516,-16.42269],[-71.55527,-16.42354]]}},{"type":"Feature","properties":{"id":781516446},"geometry":{"type":"LineString","coordinates":[[-71.63639,-16.29415],[-71.63529,-16.295]]}},{"type":"Feature","properties":{"id":781516447},"geometry":{"type":"LineString","coordinates":[[-71.63644,-16.29411],[-71.63639,-16.29415]]}},{"type":"Feature","properties":{"id":781516451},"geometry":{"type":"LineString","coordinates":[[-71.66991,-16.26741],[-71.6689,-16.2677]]}},{"type":"Feature","properties":{"id":781516452},"geometry":{"type":"LineString","coordinates":[[-71.68222,-16.25399],[-71.68209,-16.25854],[-71.67987,-16.26164],[-71.67774,-16.26123],[-71.67625,-16.26199],[-71.67413,-16.26208],[-71.67314,-16.26156],[-71.67086,-16.25877],[-71.67027,-16.25858],[-71.66946,-16.25899],[-71.66878,-16.2619],[-71.67017,-16.2665],[-71.66991,-16.26741]]}},{"type":"Feature","properties":{"id":781534212},"geometry":{"type":"LineString","coordinates":[[-71.63074,-16.0968],[-71.63069,-16.09719]]}},{"type":"Feature","properties":{"id":781534213},"geometry":{"type":"LineString","coordinates":[[-71.63069,-16.09719],[-71.63095,-16.09826]]}},{"type":"Feature","properties":{"id":781534214},"geometry":{"type":"LineString","coordinates":[[-71.63095,-16.09826],[-71.6315,-16.09887]]}},{"type":"Feature","properties":{"id":781534217},"geometry":{"type":"LineString","coordinates":[[-71.6315,-16.09887],[-71.63177,-16.09977]]}},{"type":"Feature","properties":{"id":781534218},"geometry":{"type":"LineString","coordinates":[[-71.63177,-16.09977],[-71.63157,-16.10045]]}},{"type":"Feature","properties":{"id":781534219},"geometry":{"type":"LineString","coordinates":[[-71.63157,-16.10045],[-71.63162,-16.10151]]}},{"type":"Feature","properties":{"id":781534221},"geometry":{"type":"LineString","coordinates":[[-71.63162,-16.10151],[-71.63226,-16.10216]]}},{"type":"Feature","properties":{"id":781534222},"geometry":{"type":"LineString","coordinates":[[-71.63226,-16.10216],[-71.6341,-16.10242]]}},{"type":"Feature","properties":{"id":781534223},"geometry":{"type":"LineString","coordinates":[[-71.6341,-16.10242],[-71.63515,-16.10319]]}},{"type":"Feature","properties":{"id":781534224},"geometry":{"type":"LineString","coordinates":[[-71.63515,-16.10319],[-71.63554,-16.10352]]}},{"type":"Feature","properties":{"id":781534225},"geometry":{"type":"LineString","coordinates":[[-71.63618,-16.1045],[-71.63622,-16.10465]]}},{"type":"Feature","properties":{"id":781534226},"geometry":{"type":"LineString","coordinates":[[-71.63554,-16.10352],[-71.63618,-16.1045]]}},{"type":"Feature","properties":{"id":781534227},"geometry":{"type":"LineString","coordinates":[[-71.63622,-16.10465],[-71.63643,-16.1054]]}},{"type":"Feature","properties":{"id":781534228},"geometry":{"type":"LineString","coordinates":[[-71.63643,-16.1054],[-71.63677,-16.10602],[-71.63743,-16.10632],[-71.6389,-16.1053]]}},{"type":"Feature","properties":{"id":781534230},"geometry":{"type":"LineString","coordinates":[[-71.6389,-16.1053],[-71.63958,-16.10527]]}},{"type":"Feature","properties":{"id":781534231},"geometry":{"type":"LineString","coordinates":[[-71.63958,-16.10527],[-71.64028,-16.10589]]}},{"type":"Feature","properties":{"id":781534232},"geometry":{"type":"LineString","coordinates":[[-71.63927,-16.1075],[-71.63885,-16.10784]]}},{"type":"Feature","properties":{"id":781534233},"geometry":{"type":"LineString","coordinates":[[-71.64028,-16.10589],[-71.64027,-16.10656]]}},{"type":"Feature","properties":{"id":781534234},"geometry":{"type":"LineString","coordinates":[[-71.64027,-16.10656],[-71.63927,-16.1075]]}},{"type":"Feature","properties":{"id":781534239},"geometry":{"type":"LineString","coordinates":[[-71.63894,-16.10934],[-71.64002,-16.1104]]}},{"type":"Feature","properties":{"id":781534240},"geometry":{"type":"LineString","coordinates":[[-71.63885,-16.10784],[-71.63858,-16.10862],[-71.63894,-16.10934]]}},{"type":"Feature","properties":{"id":781534241},"geometry":{"type":"LineString","coordinates":[[-71.64002,-16.1104],[-71.64004,-16.11118]]}},{"type":"Feature","properties":{"id":781534242},"geometry":{"type":"LineString","coordinates":[[-71.64004,-16.11118],[-71.64007,-16.11217]]}},{"type":"Feature","properties":{"id":781534243},"geometry":{"type":"LineString","coordinates":[[-71.64031,-16.11356],[-71.64026,-16.11381]]}},{"type":"Feature","properties":{"id":781534244},"geometry":{"type":"LineString","coordinates":[[-71.64007,-16.11217],[-71.64031,-16.11356]]}},{"type":"Feature","properties":{"id":781534247},"geometry":{"type":"LineString","coordinates":[[-71.64026,-16.11381],[-71.63975,-16.11442]]}},{"type":"Feature","properties":{"id":781534248},"geometry":{"type":"LineString","coordinates":[[-71.63975,-16.11442],[-71.63943,-16.11496],[-71.63955,-16.11569]]}},{"type":"Feature","properties":{"id":781534249},"geometry":{"type":"LineString","coordinates":[[-71.64018,-16.11672],[-71.63999,-16.11724]]}},{"type":"Feature","properties":{"id":781534250},"geometry":{"type":"LineString","coordinates":[[-71.63955,-16.11569],[-71.64018,-16.11672]]}},{"type":"Feature","properties":{"id":781534252},"geometry":{"type":"LineString","coordinates":[[-71.63927,-16.11831],[-71.6395,-16.119]]}},{"type":"Feature","properties":{"id":781534253},"geometry":{"type":"LineString","coordinates":[[-71.63927,-16.11822],[-71.63927,-16.11831]]}},{"type":"Feature","properties":{"id":781534254},"geometry":{"type":"LineString","coordinates":[[-71.63999,-16.11724],[-71.63927,-16.11822]]}},{"type":"Feature","properties":{"id":781534255},"geometry":{"type":"LineString","coordinates":[[-71.6395,-16.119],[-71.64168,-16.1197]]}},{"type":"Feature","properties":{"id":781534256},"geometry":{"type":"LineString","coordinates":[[-71.64121,-16.12261],[-71.64195,-16.12325]]}},{"type":"Feature","properties":{"id":781534257},"geometry":{"type":"LineString","coordinates":[[-71.64195,-16.12325],[-71.64223,-16.12425]]}},{"type":"Feature","properties":{"id":781534259},"geometry":{"type":"LineString","coordinates":[[-71.64168,-16.1197],[-71.64182,-16.12051]]}},{"type":"Feature","properties":{"id":781534260},"geometry":{"type":"LineString","coordinates":[[-71.64182,-16.12051],[-71.64099,-16.12169],[-71.64121,-16.12261]]}},{"type":"Feature","properties":{"id":781534263},"geometry":{"type":"LineString","coordinates":[[-71.64223,-16.12425],[-71.64203,-16.12469]]}},{"type":"Feature","properties":{"id":781534264},"geometry":{"type":"LineString","coordinates":[[-71.64203,-16.12469],[-71.64107,-16.12554],[-71.64098,-16.12633]]}},{"type":"Feature","properties":{"id":781534265},"geometry":{"type":"LineString","coordinates":[[-71.64098,-16.12633],[-71.6412,-16.12729]]}},{"type":"Feature","properties":{"id":781534266},"geometry":{"type":"LineString","coordinates":[[-71.6412,-16.12729],[-71.6411,-16.12863],[-71.64226,-16.12994]]}},{"type":"Feature","properties":{"id":781534269},"geometry":{"type":"LineString","coordinates":[[-71.64686,-16.13145],[-71.64715,-16.13055]]}},{"type":"Feature","properties":{"id":781534270},"geometry":{"type":"LineString","coordinates":[[-71.64715,-16.13055],[-71.64744,-16.12885],[-71.64657,-16.12746]]}},{"type":"Feature","properties":{"id":781534272},"geometry":{"type":"LineString","coordinates":[[-71.64608,-16.12666],[-71.64612,-16.12616]]}},{"type":"Feature","properties":{"id":781534273},"geometry":{"type":"LineString","coordinates":[[-71.64657,-16.12746],[-71.64608,-16.12666]]}},{"type":"Feature","properties":{"id":781534274},"geometry":{"type":"LineString","coordinates":[[-71.64612,-16.12616],[-71.64722,-16.12564]]}},{"type":"Feature","properties":{"id":781534275},"geometry":{"type":"LineString","coordinates":[[-71.64279,-16.13076],[-71.64347,-16.13122],[-71.64461,-16.13135],[-71.64574,-16.13219],[-71.64646,-16.13201],[-71.64686,-16.13145]]}},{"type":"Feature","properties":{"id":781534276},"geometry":{"type":"LineString","coordinates":[[-71.65031,-16.12292],[-71.65066,-16.12243]]}},{"type":"Feature","properties":{"id":781534277},"geometry":{"type":"LineString","coordinates":[[-71.64722,-16.12564],[-71.64915,-16.12696],[-71.65028,-16.12676],[-71.65063,-16.12589],[-71.65031,-16.12292]]}},{"type":"Feature","properties":{"id":781534280},"geometry":{"type":"LineString","coordinates":[[-71.65103,-16.13363],[-71.65062,-16.13474]]}},{"type":"Feature","properties":{"id":781534281},"geometry":{"type":"LineString","coordinates":[[-71.65212,-16.13303],[-71.65134,-16.13321],[-71.65103,-16.13363]]}},{"type":"Feature","properties":{"id":781534283},"geometry":{"type":"LineString","coordinates":[[-71.65062,-16.13474],[-71.65051,-16.13566]]}},{"type":"Feature","properties":{"id":781534284},"geometry":{"type":"LineString","coordinates":[[-71.65051,-16.13566],[-71.65162,-16.13793],[-71.65157,-16.13869],[-71.65104,-16.13928]]}},{"type":"Feature","properties":{"id":781534286},"geometry":{"type":"LineString","coordinates":[[-71.65104,-16.13928],[-71.65046,-16.13969],[-71.65028,-16.14033]]}},{"type":"Feature","properties":{"id":781534287},"geometry":{"type":"LineString","coordinates":[[-71.65028,-16.14033],[-71.65119,-16.14197],[-71.65047,-16.143]]}},{"type":"Feature","properties":{"id":781534289},"geometry":{"type":"LineString","coordinates":[[-71.65047,-16.143],[-71.64917,-16.14362]]}},{"type":"Feature","properties":{"id":781534290},"geometry":{"type":"LineString","coordinates":[[-71.64917,-16.14362],[-71.64948,-16.14472],[-71.65156,-16.14558],[-71.65204,-16.1463],[-71.65189,-16.14704],[-71.6514,-16.14748],[-71.65009,-16.14719]]}},{"type":"Feature","properties":{"id":781534292},"geometry":{"type":"LineString","coordinates":[[-71.65009,-16.14719],[-71.64891,-16.14755]]}},{"type":"Feature","properties":{"id":781534293},"geometry":{"type":"LineString","coordinates":[[-71.64891,-16.14755],[-71.64885,-16.14921],[-71.64995,-16.15205]]}},{"type":"Feature","properties":{"id":781534298},"geometry":{"type":"LineString","coordinates":[[-71.64995,-16.15205],[-71.6498,-16.15284],[-71.64889,-16.15325]]}},{"type":"Feature","properties":{"id":781534299},"geometry":{"type":"LineString","coordinates":[[-71.64889,-16.15325],[-71.64729,-16.15208],[-71.64626,-16.15245]]}},{"type":"Feature","properties":{"id":781534301},"geometry":{"type":"LineString","coordinates":[[-71.64626,-16.15245],[-71.64603,-16.153]]}},{"type":"Feature","properties":{"id":781534302},"geometry":{"type":"LineString","coordinates":[[-71.64603,-16.153],[-71.64851,-16.15728]]}},{"type":"Feature","properties":{"id":781534307},"geometry":{"type":"LineString","coordinates":[[-71.64851,-16.15728],[-71.64854,-16.1573]]}},{"type":"Feature","properties":{"id":781534317},"geometry":{"type":"LineString","coordinates":[[-71.67561,-16.23901],[-71.67505,-16.23938]]}},{"type":"Feature","properties":{"id":781534318},"geometry":{"type":"LineString","coordinates":[[-71.67505,-16.23938],[-71.67391,-16.24027],[-71.67373,-16.24099],[-71.67653,-16.24466],[-71.67656,-16.24722],[-71.67847,-16.24913],[-71.68088,-16.24976],[-71.6817,-16.25034],[-71.68215,-16.25144],[-71.68222,-16.25399]]}},{"type":"Feature","properties":{"id":781573406},"geometry":{"type":"LineString","coordinates":[[-71.4482,-16.0255],[-71.44985,-16.02599]]}},{"type":"Feature","properties":{"id":781573407},"geometry":{"type":"LineString","coordinates":[[-71.44989,-16.02604],[-71.45008,-16.02632]]}},{"type":"Feature","properties":{"id":781573408},"geometry":{"type":"LineString","coordinates":[[-71.44985,-16.02599],[-71.44989,-16.02604]]}},{"type":"Feature","properties":{"id":781573410},"geometry":{"type":"LineString","coordinates":[[-71.51269,-16.07193],[-71.513,-16.07153]]}},{"type":"Feature","properties":{"id":781573411},"geometry":{"type":"LineString","coordinates":[[-71.51266,-16.07199],[-71.51269,-16.07193]]}},{"type":"Feature","properties":{"id":781573412},"geometry":{"type":"LineString","coordinates":[[-71.513,-16.07153],[-71.51586,-16.0697],[-71.5177,-16.06923],[-71.51954,-16.06791],[-71.52102,-16.06736],[-71.52412,-16.06437]]}},{"type":"Feature","properties":{"id":781573413},"geometry":{"type":"LineString","coordinates":[[-71.52412,-16.06437],[-71.5255,-16.06377]]}},{"type":"Feature","properties":{"id":781573414},"geometry":{"type":"LineString","coordinates":[[-71.5255,-16.06377],[-71.52875,-16.06382],[-71.53449,-16.06196],[-71.54007,-16.06227],[-71.54361,-16.0618]]}},{"type":"Feature","properties":{"id":781573416},"geometry":{"type":"LineString","coordinates":[[-71.54447,-16.06142],[-71.54463,-16.06131]]}},{"type":"Feature","properties":{"id":781573417},"geometry":{"type":"LineString","coordinates":[[-71.54442,-16.06145],[-71.54447,-16.06142]]}},{"type":"Feature","properties":{"id":781573418},"geometry":{"type":"LineString","coordinates":[[-71.54361,-16.0618],[-71.54442,-16.06145]]}},{"type":"Feature","properties":{"id":781573419},"geometry":{"type":"LineString","coordinates":[[-71.54463,-16.06131],[-71.54639,-16.06022]]}},{"type":"Feature","properties":{"id":781573420},"geometry":{"type":"LineString","coordinates":[[-71.54639,-16.06022],[-71.54758,-16.06022]]}},{"type":"Feature","properties":{"id":781573421},"geometry":{"type":"LineString","coordinates":[[-71.54758,-16.06022],[-71.54938,-16.06063],[-71.55369,-16.06057]]}},{"type":"Feature","properties":{"id":781573423},"geometry":{"type":"LineString","coordinates":[[-71.55369,-16.06057],[-71.55387,-16.06048]]}},{"type":"Feature","properties":{"id":781573424},"geometry":{"type":"LineString","coordinates":[[-71.55387,-16.06048],[-71.55426,-16.06029]]}},{"type":"Feature","properties":{"id":781573425},"geometry":{"type":"LineString","coordinates":[[-71.55519,-16.05985],[-71.55623,-16.05933]]}},{"type":"Feature","properties":{"id":781573426},"geometry":{"type":"LineString","coordinates":[[-71.55426,-16.06029],[-71.55519,-16.05985]]}},{"type":"Feature","properties":{"id":781573427},"geometry":{"type":"LineString","coordinates":[[-71.55623,-16.05933],[-71.55651,-16.05919]]}},{"type":"Feature","properties":{"id":781573428},"geometry":{"type":"LineString","coordinates":[[-71.55651,-16.05919],[-71.55691,-16.059]]}},{"type":"Feature","properties":{"id":781573429},"geometry":{"type":"LineString","coordinates":[[-71.55691,-16.059],[-71.55737,-16.05876]]}},{"type":"Feature","properties":{"id":781573430},"geometry":{"type":"LineString","coordinates":[[-71.55737,-16.05876],[-71.55763,-16.05863]]}},{"type":"Feature","properties":{"id":781573431},"geometry":{"type":"LineString","coordinates":[[-71.55763,-16.05863],[-71.55811,-16.0583]]}},{"type":"Feature","properties":{"id":781573432},"geometry":{"type":"LineString","coordinates":[[-71.55811,-16.0583],[-71.5593,-16.05728]]}},{"type":"Feature","properties":{"id":781573433},"geometry":{"type":"LineString","coordinates":[[-71.55985,-16.05678],[-71.56001,-16.05663]]}},{"type":"Feature","properties":{"id":781573434},"geometry":{"type":"LineString","coordinates":[[-71.56001,-16.05663],[-71.56053,-16.05618]]}},{"type":"Feature","properties":{"id":781573435},"geometry":{"type":"LineString","coordinates":[[-71.5593,-16.05728],[-71.55968,-16.05693]]}},{"type":"Feature","properties":{"id":781573436},"geometry":{"type":"LineString","coordinates":[[-71.55968,-16.05693],[-71.55985,-16.05678]]}},{"type":"Feature","properties":{"id":781573437},"geometry":{"type":"LineString","coordinates":[[-71.56053,-16.05618],[-71.5609,-16.05586]]}},{"type":"Feature","properties":{"id":781573438},"geometry":{"type":"LineString","coordinates":[[-71.5609,-16.05586],[-71.56186,-16.05501]]}},{"type":"Feature","properties":{"id":781573439},"geometry":{"type":"LineString","coordinates":[[-71.56186,-16.05501],[-71.56262,-16.05464]]}},{"type":"Feature","properties":{"id":781573440},"geometry":{"type":"LineString","coordinates":[[-71.56262,-16.05464],[-71.56422,-16.05485]]}},{"type":"Feature","properties":{"id":781573441},"geometry":{"type":"LineString","coordinates":[[-71.56422,-16.05485],[-71.56474,-16.05508]]}},{"type":"Feature","properties":{"id":781573442},"geometry":{"type":"LineString","coordinates":[[-71.56474,-16.05508],[-71.56593,-16.05538],[-71.56721,-16.05475]]}},{"type":"Feature","properties":{"id":781573445},"geometry":{"type":"LineString","coordinates":[[-71.56825,-16.05529],[-71.56873,-16.05604]]}},{"type":"Feature","properties":{"id":781573446},"geometry":{"type":"LineString","coordinates":[[-71.56721,-16.05475],[-71.56825,-16.05529]]}},{"type":"Feature","properties":{"id":781573447},"geometry":{"type":"LineString","coordinates":[[-71.56873,-16.05604],[-71.56951,-16.05636],[-71.57025,-16.05614]]}},{"type":"Feature","properties":{"id":781573448},"geometry":{"type":"LineString","coordinates":[[-71.57025,-16.05614],[-71.57052,-16.05588]]}},{"type":"Feature","properties":{"id":781573449},"geometry":{"type":"LineString","coordinates":[[-71.57052,-16.05588],[-71.57121,-16.05512],[-71.57212,-16.05511]]}},{"type":"Feature","properties":{"id":781573450},"geometry":{"type":"LineString","coordinates":[[-71.57212,-16.05511],[-71.57267,-16.05611],[-71.57198,-16.05801],[-71.56905,-16.06085]]}},{"type":"Feature","properties":{"id":781573451},"geometry":{"type":"LineString","coordinates":[[-71.56899,-16.06088],[-71.56766,-16.06148],[-71.56738,-16.06228],[-71.568,-16.06305],[-71.56952,-16.0632]]}},{"type":"Feature","properties":{"id":781573452},"geometry":{"type":"LineString","coordinates":[[-71.56905,-16.06085],[-71.56899,-16.06088]]}},{"type":"Feature","properties":{"id":781573454},"geometry":{"type":"LineString","coordinates":[[-71.56956,-16.0632],[-71.57621,-16.06378],[-71.57945,-16.06304],[-71.58283,-16.06101]]}},{"type":"Feature","properties":{"id":781573455},"geometry":{"type":"LineString","coordinates":[[-71.56952,-16.0632],[-71.56956,-16.0632]]}},{"type":"Feature","properties":{"id":781573456},"geometry":{"type":"LineString","coordinates":[[-71.58283,-16.06101],[-71.58573,-16.05929]]}},{"type":"Feature","properties":{"id":781573457},"geometry":{"type":"LineString","coordinates":[[-71.58573,-16.05929],[-71.58577,-16.05927]]}},{"type":"Feature","properties":{"id":781573458},"geometry":{"type":"LineString","coordinates":[[-71.58577,-16.05927],[-71.58742,-16.05867]]}},{"type":"Feature","properties":{"id":781573459},"geometry":{"type":"LineString","coordinates":[[-71.58742,-16.05867],[-71.58828,-16.05943],[-71.58796,-16.06172],[-71.58976,-16.06785],[-71.59028,-16.0685],[-71.59136,-16.06844],[-71.59472,-16.06574],[-71.59682,-16.06595],[-71.59742,-16.06572],[-71.59777,-16.06516],[-71.59753,-16.0638],[-71.59796,-16.06312],[-71.59883,-16.06296],[-71.5995,-16.06352],[-71.59908,-16.06523],[-71.59949,-16.06702],[-71.59853,-16.06952],[-71.59718,-16.07116],[-71.59551,-16.07117],[-71.59495,-16.07154]]}},{"type":"Feature","properties":{"id":781573485},"geometry":{"type":"LineString","coordinates":[[-71.59478,-16.07232],[-71.5948,-16.0725]]}},{"type":"Feature","properties":{"id":781573486},"geometry":{"type":"LineString","coordinates":[[-71.59477,-16.07223],[-71.59478,-16.07232]]}},{"type":"Feature","properties":{"id":781573487},"geometry":{"type":"LineString","coordinates":[[-71.59495,-16.07154],[-71.59477,-16.07223]]}},{"type":"Feature","properties":{"id":781573488},"geometry":{"type":"LineString","coordinates":[[-71.5948,-16.0725],[-71.59998,-16.07877],[-71.60044,-16.08179],[-71.59991,-16.08374]]}},{"type":"Feature","properties":{"id":781573489},"geometry":{"type":"LineString","coordinates":[[-71.59991,-16.08374],[-71.59991,-16.08376]]}},{"type":"Feature","properties":{"id":781573490},"geometry":{"type":"LineString","coordinates":[[-71.59991,-16.08376],[-71.59963,-16.08472],[-71.59985,-16.08564]]}},{"type":"Feature","properties":{"id":781573491},"geometry":{"type":"LineString","coordinates":[[-71.59985,-16.08564],[-71.59991,-16.08573]]}},{"type":"Feature","properties":{"id":781573492},"geometry":{"type":"LineString","coordinates":[[-71.59994,-16.08577],[-71.60005,-16.08589]]}},{"type":"Feature","properties":{"id":781573493},"geometry":{"type":"LineString","coordinates":[[-71.59991,-16.08573],[-71.59994,-16.08577]]}},{"type":"Feature","properties":{"id":781573494},"geometry":{"type":"LineString","coordinates":[[-71.60005,-16.08589],[-71.60287,-16.0881]]}},{"type":"Feature","properties":{"id":781573499},"geometry":{"type":"LineString","coordinates":[[-71.60287,-16.0881],[-71.60308,-16.08824]]}},{"type":"Feature","properties":{"id":781573500},"geometry":{"type":"LineString","coordinates":[[-71.60308,-16.08824],[-71.60311,-16.08828]]}},{"type":"Feature","properties":{"id":781573501},"geometry":{"type":"LineString","coordinates":[[-71.60311,-16.08828],[-71.6036,-16.08847]]}},{"type":"Feature","properties":{"id":781573502},"geometry":{"type":"LineString","coordinates":[[-71.6036,-16.08847],[-71.6057,-16.08796],[-71.60629,-16.08823],[-71.6066,-16.08911]]}},{"type":"Feature","properties":{"id":781573503},"geometry":{"type":"LineString","coordinates":[[-71.6066,-16.08911],[-71.60647,-16.08964]]}},{"type":"Feature","properties":{"id":781573504},"geometry":{"type":"LineString","coordinates":[[-71.60647,-16.08964],[-71.60602,-16.09159],[-71.60673,-16.09223],[-71.60758,-16.09209]]}},{"type":"Feature","properties":{"id":781573505},"geometry":{"type":"LineString","coordinates":[[-71.60799,-16.09149],[-71.60835,-16.09081]]}},{"type":"Feature","properties":{"id":781573506},"geometry":{"type":"LineString","coordinates":[[-71.60758,-16.09209],[-71.60799,-16.09149]]}},{"type":"Feature","properties":{"id":781573509},"geometry":{"type":"LineString","coordinates":[[-71.60835,-16.09081],[-71.60879,-16.09056]]}},{"type":"Feature","properties":{"id":781573510},"geometry":{"type":"LineString","coordinates":[[-71.60879,-16.09056],[-71.61203,-16.09027],[-71.61345,-16.08856]]}},{"type":"Feature","properties":{"id":781573512},"geometry":{"type":"LineString","coordinates":[[-71.61345,-16.08856],[-71.61396,-16.08828]]}},{"type":"Feature","properties":{"id":781573513},"geometry":{"type":"LineString","coordinates":[[-71.61396,-16.08828],[-71.61524,-16.08853],[-71.61717,-16.09055]]}},{"type":"Feature","properties":{"id":781573515},"geometry":{"type":"LineString","coordinates":[[-71.62104,-16.09344],[-71.62118,-16.09208]]}},{"type":"Feature","properties":{"id":781573516},"geometry":{"type":"LineString","coordinates":[[-71.62118,-16.09208],[-71.62135,-16.09048]]}},{"type":"Feature","properties":{"id":781573517},"geometry":{"type":"LineString","coordinates":[[-71.62135,-16.09048],[-71.62166,-16.08991]]}},{"type":"Feature","properties":{"id":781573519},"geometry":{"type":"LineString","coordinates":[[-71.62166,-16.08991],[-71.62198,-16.08896],[-71.62128,-16.0875],[-71.62169,-16.08666]]}},{"type":"Feature","properties":{"id":781573527},"geometry":{"type":"LineString","coordinates":[[-71.62169,-16.08666],[-71.62213,-16.08642]]}},{"type":"Feature","properties":{"id":781573528},"geometry":{"type":"LineString","coordinates":[[-71.62221,-16.08639],[-71.62239,-16.08634]]}},{"type":"Feature","properties":{"id":781573529},"geometry":{"type":"LineString","coordinates":[[-71.62361,-16.08686],[-71.62369,-16.08694]]}},{"type":"Feature","properties":{"id":781573530},"geometry":{"type":"LineString","coordinates":[[-71.62429,-16.08757],[-71.62463,-16.08796]]}},{"type":"Feature","properties":{"id":781573531},"geometry":{"type":"LineString","coordinates":[[-71.62465,-16.08799],[-71.62539,-16.08879]]}},{"type":"Feature","properties":{"id":781573532},"geometry":{"type":"LineString","coordinates":[[-71.62463,-16.08796],[-71.62465,-16.08799]]}},{"type":"Feature","properties":{"id":781573533},"geometry":{"type":"LineString","coordinates":[[-71.62369,-16.08694],[-71.62372,-16.08697]]}},{"type":"Feature","properties":{"id":781573534},"geometry":{"type":"LineString","coordinates":[[-71.62372,-16.08697],[-71.62429,-16.08757]]}},{"type":"Feature","properties":{"id":781573536},"geometry":{"type":"LineString","coordinates":[[-71.62547,-16.08888],[-71.62551,-16.08895]]}},{"type":"Feature","properties":{"id":781573537},"geometry":{"type":"LineString","coordinates":[[-71.62539,-16.08879],[-71.62547,-16.08888]]}},{"type":"Feature","properties":{"id":781573538},"geometry":{"type":"LineString","coordinates":[[-71.62562,-16.08913],[-71.62581,-16.08974]]}},{"type":"Feature","properties":{"id":781573539},"geometry":{"type":"LineString","coordinates":[[-71.62551,-16.08895],[-71.62562,-16.08913]]}},{"type":"Feature","properties":{"id":781573540},"geometry":{"type":"LineString","coordinates":[[-71.6259,-16.09004],[-71.62618,-16.091]]}},{"type":"Feature","properties":{"id":781573541},"geometry":{"type":"LineString","coordinates":[[-71.62581,-16.08974],[-71.6259,-16.09004]]}},{"type":"Feature","properties":{"id":781573542},"geometry":{"type":"LineString","coordinates":[[-71.62618,-16.091],[-71.62643,-16.0918]]}},{"type":"Feature","properties":{"id":781573543},"geometry":{"type":"LineString","coordinates":[[-71.62643,-16.0918],[-71.62629,-16.09419],[-71.62698,-16.09503]]}},{"type":"Feature","properties":{"id":781573544},"geometry":{"type":"LineString","coordinates":[[-71.62698,-16.09503],[-71.62788,-16.0949],[-71.62832,-16.09427]]}},{"type":"Feature","properties":{"id":781573545},"geometry":{"type":"LineString","coordinates":[[-71.62832,-16.09427],[-71.62847,-16.09315],[-71.62908,-16.09272]]}},{"type":"Feature","properties":{"id":781573551},"geometry":{"type":"LineString","coordinates":[[-71.62908,-16.09272],[-71.62993,-16.09288]]}},{"type":"Feature","properties":{"id":781573552},"geometry":{"type":"LineString","coordinates":[[-71.62993,-16.09288],[-71.63087,-16.09461],[-71.63074,-16.0968]]}},{"type":"Feature","properties":{"id":781606786},"geometry":{"type":"LineString","coordinates":[[-71.44696,-16.02542],[-71.44816,-16.0255]]}},{"type":"Feature","properties":{"id":781606787},"geometry":{"type":"LineString","coordinates":[[-71.44692,-16.02542],[-71.44696,-16.02542]]}},{"type":"Feature","properties":{"id":781606793},"geometry":{"type":"LineString","coordinates":[[-71.44816,-16.0255],[-71.4482,-16.0255]]}},{"type":"Feature","properties":{"id":781606794},"geometry":{"type":"LineString","coordinates":[[-71.45298,-16.04032],[-71.45337,-16.04122]]}},{"type":"Feature","properties":{"id":781606795},"geometry":{"type":"LineString","coordinates":[[-71.45008,-16.02632],[-71.45028,-16.0288],[-71.45222,-16.03098],[-71.45152,-16.03542],[-71.45197,-16.03796],[-71.45298,-16.04032]]}},{"type":"Feature","properties":{"id":781617770},"geometry":{"type":"LineString","coordinates":[[-71.39496,-16.02274],[-71.39571,-16.02182],[-71.39742,-16.02123]]}},{"type":"Feature","properties":{"id":781617771},"geometry":{"type":"LineString","coordinates":[[-71.39489,-16.02325],[-71.39496,-16.02274]]}},{"type":"Feature","properties":{"id":781617772},"geometry":{"type":"LineString","coordinates":[[-71.39908,-16.02132],[-71.40156,-16.02443]]}},{"type":"Feature","properties":{"id":781617773},"geometry":{"type":"LineString","coordinates":[[-71.39742,-16.02123],[-71.39835,-16.02099],[-71.39908,-16.02132]]}},{"type":"Feature","properties":{"id":781617774},"geometry":{"type":"LineString","coordinates":[[-71.40191,-16.02487],[-71.40352,-16.02677],[-71.40467,-16.02667]]}},{"type":"Feature","properties":{"id":781617775},"geometry":{"type":"LineString","coordinates":[[-71.40156,-16.02443],[-71.40191,-16.02487]]}},{"type":"Feature","properties":{"id":781617776},"geometry":{"type":"LineString","coordinates":[[-71.40467,-16.02667],[-71.405,-16.02567]]}},{"type":"Feature","properties":{"id":781617777},"geometry":{"type":"LineString","coordinates":[[-71.405,-16.02567],[-71.40499,-16.02179],[-71.40268,-16.01908],[-71.40069,-16.01808],[-71.39959,-16.01701],[-71.39921,-16.01604],[-71.39919,-16.014]]}},{"type":"Feature","properties":{"id":781617790},"geometry":{"type":"LineString","coordinates":[[-71.39919,-16.014],[-71.39957,-16.01342]]}},{"type":"Feature","properties":{"id":781617791},"geometry":{"type":"LineString","coordinates":[[-71.39962,-16.01336],[-71.39969,-16.01327]]}},{"type":"Feature","properties":{"id":781617792},"geometry":{"type":"LineString","coordinates":[[-71.39969,-16.01327],[-71.40022,-16.01283],[-71.40102,-16.01283],[-71.40405,-16.01633],[-71.40768,-16.01801]]}},{"type":"Feature","properties":{"id":781617793},"geometry":{"type":"LineString","coordinates":[[-71.39957,-16.01342],[-71.39962,-16.01336]]}},{"type":"Feature","properties":{"id":781617805},"geometry":{"type":"LineString","coordinates":[[-71.40768,-16.01801],[-71.40853,-16.0185],[-71.40907,-16.01938]]}},{"type":"Feature","properties":{"id":781617806},"geometry":{"type":"LineString","coordinates":[[-71.40907,-16.01938],[-71.40991,-16.02112],[-71.41056,-16.02381],[-71.4117,-16.02519],[-71.41236,-16.02704],[-71.41306,-16.02759],[-71.41425,-16.02779],[-71.41845,-16.02707],[-71.42135,-16.02535]]}},{"type":"Feature","properties":{"id":781617807},"geometry":{"type":"LineString","coordinates":[[-71.42135,-16.02535],[-71.42258,-16.02569]]}},{"type":"Feature","properties":{"id":781617808},"geometry":{"type":"LineString","coordinates":[[-71.42267,-16.02575],[-71.42328,-16.02616]]}},{"type":"Feature","properties":{"id":781617809},"geometry":{"type":"LineString","coordinates":[[-71.42764,-16.0248],[-71.42938,-16.02472]]}},{"type":"Feature","properties":{"id":781617810},"geometry":{"type":"LineString","coordinates":[[-71.42938,-16.02472],[-71.42982,-16.02469]]}},{"type":"Feature","properties":{"id":781617811},"geometry":{"type":"LineString","coordinates":[[-71.43125,-16.02461],[-71.43172,-16.02457]]}},{"type":"Feature","properties":{"id":781617812},"geometry":{"type":"LineString","coordinates":[[-71.42982,-16.02469],[-71.43114,-16.02462]]}},{"type":"Feature","properties":{"id":781624221},"geometry":{"type":"LineString","coordinates":[[-71.35948,-15.99375],[-71.35896,-15.99458],[-71.35901,-15.99535]]}},{"type":"Feature","properties":{"id":781624222},"geometry":{"type":"LineString","coordinates":[[-71.35901,-15.99535],[-71.35959,-15.99653]]}},{"type":"Feature","properties":{"id":781624223},"geometry":{"type":"LineString","coordinates":[[-71.35959,-15.99653],[-71.35981,-15.99769]]}},{"type":"Feature","properties":{"id":781624224},"geometry":{"type":"LineString","coordinates":[[-71.35981,-15.99769],[-71.35905,-15.9992]]}},{"type":"Feature","properties":{"id":781624225},"geometry":{"type":"LineString","coordinates":[[-71.35905,-15.9992],[-71.35895,-16.0006]]}},{"type":"Feature","properties":{"id":781624226},"geometry":{"type":"LineString","coordinates":[[-71.35895,-16.0006],[-71.35927,-16.00298],[-71.36017,-16.00555]]}},{"type":"Feature","properties":{"id":781624227},"geometry":{"type":"LineString","coordinates":[[-71.36017,-16.00555],[-71.36036,-16.00654]]}},{"type":"Feature","properties":{"id":781624228},"geometry":{"type":"LineString","coordinates":[[-71.36036,-16.00654],[-71.36107,-16.00878]]}},{"type":"Feature","properties":{"id":781624229},"geometry":{"type":"LineString","coordinates":[[-71.36107,-16.00878],[-71.36164,-16.01009]]}},{"type":"Feature","properties":{"id":781624230},"geometry":{"type":"LineString","coordinates":[[-71.36164,-16.01009],[-71.36216,-16.01168]]}},{"type":"Feature","properties":{"id":781624231},"geometry":{"type":"LineString","coordinates":[[-71.36178,-16.01294],[-71.36158,-16.0131]]}},{"type":"Feature","properties":{"id":781624232},"geometry":{"type":"LineString","coordinates":[[-71.36216,-16.01168],[-71.36178,-16.01294]]}},{"type":"Feature","properties":{"id":781624233},"geometry":{"type":"LineString","coordinates":[[-71.36108,-15.98808],[-71.35992,-15.99147],[-71.35991,-15.99308],[-71.35948,-15.99375]]}},{"type":"Feature","properties":{"id":781624234},"geometry":{"type":"LineString","coordinates":[[-71.38485,-16.03336],[-71.38523,-16.03313]]}},{"type":"Feature","properties":{"id":781624235},"geometry":{"type":"LineString","coordinates":[[-71.38602,-16.03241],[-71.38627,-16.03197]]}},{"type":"Feature","properties":{"id":781624236},"geometry":{"type":"LineString","coordinates":[[-71.38523,-16.03313],[-71.38602,-16.03241]]}},{"type":"Feature","properties":{"id":781624237},"geometry":{"type":"LineString","coordinates":[[-71.38627,-16.03197],[-71.38723,-16.03133]]}},{"type":"Feature","properties":{"id":781624238},"geometry":{"type":"LineString","coordinates":[[-71.38723,-16.03133],[-71.38793,-16.03082]]}},{"type":"Feature","properties":{"id":781624239},"geometry":{"type":"LineString","coordinates":[[-71.38793,-16.03082],[-71.38878,-16.02907],[-71.39057,-16.02678]]}},{"type":"Feature","properties":{"id":781624240},"geometry":{"type":"LineString","coordinates":[[-71.39057,-16.02678],[-71.39108,-16.02644]]}},{"type":"Feature","properties":{"id":781624241},"geometry":{"type":"LineString","coordinates":[[-71.39108,-16.02644],[-71.39192,-16.02628],[-71.39327,-16.02538]]}},{"type":"Feature","properties":{"id":781624242},"geometry":{"type":"LineString","coordinates":[[-71.39327,-16.02538],[-71.39469,-16.02491]]}},{"type":"Feature","properties":{"id":781624243},"geometry":{"type":"LineString","coordinates":[[-71.39469,-16.02491],[-71.39504,-16.02418],[-71.39489,-16.02325]]}},{"type":"Feature","properties":{"id":781628669},"geometry":{"type":"LineString","coordinates":[[-71.36115,-15.98767],[-71.36108,-15.98808]]}},{"type":"Feature","properties":{"id":781628670},"geometry":{"type":"LineString","coordinates":[[-71.35906,-15.97877],[-71.3617,-15.9824],[-71.36158,-15.98401],[-71.36096,-15.98574],[-71.36115,-15.98767]]}},{"type":"Feature","properties":{"id":781634931},"geometry":{"type":"LineString","coordinates":[[-71.27407,-15.99842],[-71.27516,-15.99818]]}},{"type":"Feature","properties":{"id":781634932},"geometry":{"type":"LineString","coordinates":[[-71.27251,-15.99871],[-71.27407,-15.99842]]}},{"type":"Feature","properties":{"id":781634933},"geometry":{"type":"LineString","coordinates":[[-71.27516,-15.99818],[-71.27711,-15.99861]]}},{"type":"Feature","properties":{"id":781634934},"geometry":{"type":"LineString","coordinates":[[-71.27711,-15.99861],[-71.27836,-15.99764],[-71.27957,-15.99499],[-71.28026,-15.99477],[-71.28125,-15.99509]]}},{"type":"Feature","properties":{"id":781634935},"geometry":{"type":"LineString","coordinates":[[-71.28125,-15.99509],[-71.28183,-15.99491]]}},{"type":"Feature","properties":{"id":781634936},"geometry":{"type":"LineString","coordinates":[[-71.28183,-15.99491],[-71.28247,-15.99436],[-71.28354,-15.9941],[-71.28534,-15.99475]]}},{"type":"Feature","properties":{"id":781634937},"geometry":{"type":"LineString","coordinates":[[-71.28534,-15.99475],[-71.28664,-15.99434]]}},{"type":"Feature","properties":{"id":781634938},"geometry":{"type":"LineString","coordinates":[[-71.28664,-15.99434],[-71.28706,-15.99361]]}},{"type":"Feature","properties":{"id":781634939},"geometry":{"type":"LineString","coordinates":[[-71.28706,-15.99361],[-71.28735,-15.99282],[-71.28849,-15.9919]]}},{"type":"Feature","properties":{"id":781634940},"geometry":{"type":"LineString","coordinates":[[-71.28849,-15.9919],[-71.28882,-15.99146]]}},{"type":"Feature","properties":{"id":781634941},"geometry":{"type":"LineString","coordinates":[[-71.28882,-15.99146],[-71.28893,-15.9913]]}},{"type":"Feature","properties":{"id":781634942},"geometry":{"type":"LineString","coordinates":[[-71.28893,-15.9913],[-71.28971,-15.99073]]}},{"type":"Feature","properties":{"id":781634943},"geometry":{"type":"LineString","coordinates":[[-71.28971,-15.99073],[-71.29018,-15.99056]]}},{"type":"Feature","properties":{"id":781634944},"geometry":{"type":"LineString","coordinates":[[-71.29085,-15.99025],[-71.29122,-15.9901]]}},{"type":"Feature","properties":{"id":781634945},"geometry":{"type":"LineString","coordinates":[[-71.29214,-15.99017],[-71.29227,-15.99023]]}},{"type":"Feature","properties":{"id":781634946},"geometry":{"type":"LineString","coordinates":[[-71.29018,-15.99056],[-71.29085,-15.99025]]}},{"type":"Feature","properties":{"id":781634947},"geometry":{"type":"LineString","coordinates":[[-71.29122,-15.9901],[-71.29214,-15.99017]]}},{"type":"Feature","properties":{"id":781634948},"geometry":{"type":"LineString","coordinates":[[-71.29354,-15.99015],[-71.29546,-15.98978]]}},{"type":"Feature","properties":{"id":781634949},"geometry":{"type":"LineString","coordinates":[[-71.29227,-15.99023],[-71.29354,-15.99015]]}},{"type":"Feature","properties":{"id":781634950},"geometry":{"type":"LineString","coordinates":[[-71.29546,-15.98978],[-71.2967,-15.98877]]}},{"type":"Feature","properties":{"id":781634951},"geometry":{"type":"LineString","coordinates":[[-71.2967,-15.98877],[-71.29806,-15.98665],[-71.30012,-15.9865],[-71.30212,-15.98427],[-71.3042,-15.98416]]}},{"type":"Feature","properties":{"id":781634952},"geometry":{"type":"LineString","coordinates":[[-71.3042,-15.98416],[-71.30484,-15.98387]]}},{"type":"Feature","properties":{"id":781634953},"geometry":{"type":"LineString","coordinates":[[-71.30484,-15.98387],[-71.30836,-15.98136],[-71.30857,-15.97993]]}},{"type":"Feature","properties":{"id":781634954},"geometry":{"type":"LineString","coordinates":[[-71.30857,-15.97993],[-71.30897,-15.97915],[-71.30977,-15.97866]]}},{"type":"Feature","properties":{"id":781634955},"geometry":{"type":"LineString","coordinates":[[-71.30977,-15.97866],[-71.31069,-15.9781],[-71.31137,-15.97593],[-71.31483,-15.97485],[-71.31553,-15.97419],[-71.3157,-15.97341],[-71.31536,-15.9726],[-71.31327,-15.97184],[-71.31304,-15.97104],[-71.31333,-15.9704],[-71.31524,-15.96875],[-71.31609,-15.96846],[-71.3169,-15.96872],[-71.31787,-15.97015],[-71.31867,-15.97041]]}},{"type":"Feature","properties":{"id":781634956},"geometry":{"type":"LineString","coordinates":[[-71.31867,-15.97041],[-71.32005,-15.97035]]}},{"type":"Feature","properties":{"id":781634957},"geometry":{"type":"LineString","coordinates":[[-71.32005,-15.97035],[-71.32066,-15.97064]]}},{"type":"Feature","properties":{"id":781634958},"geometry":{"type":"LineString","coordinates":[[-71.32066,-15.97064],[-71.32141,-15.97113],[-71.32201,-15.97103]]}},{"type":"Feature","properties":{"id":781634959},"geometry":{"type":"LineString","coordinates":[[-71.32201,-15.97103],[-71.3228,-15.97087],[-71.32341,-15.97124],[-71.32366,-15.97318]]}},{"type":"Feature","properties":{"id":781634960},"geometry":{"type":"LineString","coordinates":[[-71.32366,-15.97318],[-71.3246,-15.9737]]}},{"type":"Feature","properties":{"id":781634961},"geometry":{"type":"LineString","coordinates":[[-71.3246,-15.9737],[-71.32883,-15.97726]]}},{"type":"Feature","properties":{"id":781634963},"geometry":{"type":"LineString","coordinates":[[-71.32883,-15.97726],[-71.3298,-15.97765],[-71.33057,-15.97743]]}},{"type":"Feature","properties":{"id":781634964},"geometry":{"type":"LineString","coordinates":[[-71.33057,-15.97743],[-71.33206,-15.97703],[-71.33334,-15.97778],[-71.33467,-15.98163],[-71.33482,-15.98298],[-71.3357,-15.98413],[-71.34001,-15.98648],[-71.34236,-15.98598]]}},{"type":"Feature","properties":{"id":781634966},"geometry":{"type":"LineString","coordinates":[[-71.34236,-15.98598],[-71.34284,-15.98575]]}},{"type":"Feature","properties":{"id":781634967},"geometry":{"type":"LineString","coordinates":[[-71.34284,-15.98575],[-71.34392,-15.98409]]}},{"type":"Feature","properties":{"id":781634971},"geometry":{"type":"LineString","coordinates":[[-71.34464,-15.98384],[-71.34618,-15.98371],[-71.34647,-15.98221]]}},{"type":"Feature","properties":{"id":781634972},"geometry":{"type":"LineString","coordinates":[[-71.34392,-15.98409],[-71.34464,-15.98384]]}},{"type":"Feature","properties":{"id":781634973},"geometry":{"type":"LineString","coordinates":[[-71.34647,-15.98221],[-71.34632,-15.98082]]}},{"type":"Feature","properties":{"id":781634974},"geometry":{"type":"LineString","coordinates":[[-71.34632,-15.98082],[-71.34585,-15.97959],[-71.34627,-15.97742]]}},{"type":"Feature","properties":{"id":781634992},"geometry":{"type":"LineString","coordinates":[[-71.34773,-15.97454],[-71.3488,-15.97417]]}},{"type":"Feature","properties":{"id":781634993},"geometry":{"type":"LineString","coordinates":[[-71.3488,-15.97417],[-71.35003,-15.97457]]}},{"type":"Feature","properties":{"id":781634994},"geometry":{"type":"LineString","coordinates":[[-71.35003,-15.97457],[-71.35037,-15.97486]]}},{"type":"Feature","properties":{"id":781634995},"geometry":{"type":"LineString","coordinates":[[-71.35037,-15.97486],[-71.35132,-15.97622],[-71.3524,-15.97678]]}},{"type":"Feature","properties":{"id":781634996},"geometry":{"type":"LineString","coordinates":[[-71.3524,-15.97678],[-71.35318,-15.97769]]}},{"type":"Feature","properties":{"id":781634997},"geometry":{"type":"LineString","coordinates":[[-71.34642,-15.97671],[-71.34677,-15.97542],[-71.34773,-15.97454]]}},{"type":"Feature","properties":{"id":781634998},"geometry":{"type":"LineString","coordinates":[[-71.35799,-15.97823],[-71.35906,-15.97877]]}},{"type":"Feature","properties":{"id":782254962},"geometry":{"type":"LineString","coordinates":[[-71.26786,-16.00262],[-71.26868,-16.00228],[-71.26892,-16.00163]]}},{"type":"Feature","properties":{"id":782254963},"geometry":{"type":"LineString","coordinates":[[-71.26892,-16.00163],[-71.26898,-15.99995],[-71.26959,-15.99901],[-71.27052,-15.99861],[-71.27251,-15.99871]]}},{"type":"Feature","properties":{"id":782255048},"geometry":{"type":"LineString","coordinates":[[-71.26201,-16.00361],[-71.26271,-16.00355],[-71.26318,-16.00307]]}},{"type":"Feature","properties":{"id":782255049},"geometry":{"type":"LineString","coordinates":[[-71.26318,-16.00307],[-71.26385,-16.00221],[-71.26536,-16.00176],[-71.26786,-16.00262]]}},{"type":"Feature","properties":{"id":782259673},"geometry":{"type":"LineString","coordinates":[[-71.22107,-15.98682],[-71.22261,-15.98691],[-71.22395,-15.98603]]}},{"type":"Feature","properties":{"id":782259674},"geometry":{"type":"LineString","coordinates":[[-71.22395,-15.98603],[-71.22526,-15.98433]]}},{"type":"Feature","properties":{"id":782259675},"geometry":{"type":"LineString","coordinates":[[-71.22664,-15.98394],[-71.22753,-15.98424]]}},{"type":"Feature","properties":{"id":782259676},"geometry":{"type":"LineString","coordinates":[[-71.22526,-15.98433],[-71.22664,-15.98394]]}},{"type":"Feature","properties":{"id":782259677},"geometry":{"type":"LineString","coordinates":[[-71.22945,-15.98621],[-71.2302,-15.98657]]}},{"type":"Feature","properties":{"id":782259678},"geometry":{"type":"LineString","coordinates":[[-71.22759,-15.98426],[-71.22814,-15.98462],[-71.22835,-15.98542]]}},{"type":"Feature","properties":{"id":782259679},"geometry":{"type":"LineString","coordinates":[[-71.22753,-15.98424],[-71.22759,-15.98426]]}},{"type":"Feature","properties":{"id":782259680},"geometry":{"type":"LineString","coordinates":[[-71.22835,-15.98542],[-71.22945,-15.98621]]}},{"type":"Feature","properties":{"id":782259681},"geometry":{"type":"LineString","coordinates":[[-71.2302,-15.98657],[-71.23105,-15.98668],[-71.23173,-15.98613]]}},{"type":"Feature","properties":{"id":782259682},"geometry":{"type":"LineString","coordinates":[[-71.23173,-15.98613],[-71.23246,-15.98539],[-71.23354,-15.98575]]}},{"type":"Feature","properties":{"id":782259683},"geometry":{"type":"LineString","coordinates":[[-71.23354,-15.98575],[-71.23421,-15.98617],[-71.23504,-15.98603]]}},{"type":"Feature","properties":{"id":782259684},"geometry":{"type":"LineString","coordinates":[[-71.23504,-15.98603],[-71.23667,-15.98374],[-71.24167,-15.97833],[-71.24348,-15.97735],[-71.24575,-15.97686],[-71.2466,-15.97702],[-71.24951,-15.97929]]}},{"type":"Feature","properties":{"id":782259685},"geometry":{"type":"LineString","coordinates":[[-71.24951,-15.97929],[-71.25082,-15.9822],[-71.25118,-15.98457]]}},{"type":"Feature","properties":{"id":782259692},"geometry":{"type":"LineString","coordinates":[[-71.24986,-15.99607],[-71.24989,-15.99608]]}},{"type":"Feature","properties":{"id":782259693},"geometry":{"type":"LineString","coordinates":[[-71.24989,-15.99608],[-71.25092,-15.9966]]}},{"type":"Feature","properties":{"id":782259694},"geometry":{"type":"LineString","coordinates":[[-71.24898,-15.99498],[-71.24899,-15.99499]]}},{"type":"Feature","properties":{"id":782259695},"geometry":{"type":"LineString","coordinates":[[-71.24899,-15.99499],[-71.24986,-15.99607]]}},{"type":"Feature","properties":{"id":782259696},"geometry":{"type":"LineString","coordinates":[[-71.25118,-15.98457],[-71.25151,-15.98749],[-71.25084,-15.98884],[-71.25056,-15.99114],[-71.24957,-15.99218]]}},{"type":"Feature","properties":{"id":782259697},"geometry":{"type":"LineString","coordinates":[[-71.25092,-15.9966],[-71.25321,-15.99761]]}},{"type":"Feature","properties":{"id":782259699},"geometry":{"type":"LineString","coordinates":[[-71.25321,-15.99761],[-71.25407,-15.99771]]}},{"type":"Feature","properties":{"id":782259700},"geometry":{"type":"LineString","coordinates":[[-71.25407,-15.99771],[-71.25501,-15.99774]]}},{"type":"Feature","properties":{"id":782259701},"geometry":{"type":"LineString","coordinates":[[-71.25501,-15.99774],[-71.2556,-15.99773]]}},{"type":"Feature","properties":{"id":782259702},"geometry":{"type":"LineString","coordinates":[[-71.2556,-15.99773],[-71.25712,-15.99751],[-71.25958,-15.9978]]}},{"type":"Feature","properties":{"id":782259703},"geometry":{"type":"LineString","coordinates":[[-71.25958,-15.9978],[-71.2602,-15.99746]]}},{"type":"Feature","properties":{"id":782259704},"geometry":{"type":"LineString","coordinates":[[-71.2602,-15.99746],[-71.26112,-15.99683]]}},{"type":"Feature","properties":{"id":782259705},"geometry":{"type":"LineString","coordinates":[[-71.26112,-15.99683],[-71.26203,-15.99627]]}},{"type":"Feature","properties":{"id":782259706},"geometry":{"type":"LineString","coordinates":[[-71.26203,-15.99627],[-71.26322,-15.99672],[-71.26348,-15.99776],[-71.26199,-16.00033],[-71.26009,-16.00228]]}},{"type":"Feature","properties":{"id":782259714},"geometry":{"type":"LineString","coordinates":[[-71.26009,-16.00228],[-71.26042,-16.00306],[-71.26096,-16.00332]]}},{"type":"Feature","properties":{"id":782259715},"geometry":{"type":"LineString","coordinates":[[-71.26096,-16.00332],[-71.26201,-16.00361]]}},{"type":"Feature","properties":{"id":782498320},"geometry":{"type":"LineString","coordinates":[[-71.18875,-15.9659],[-71.18875,-15.96623]]}},{"type":"Feature","properties":{"id":782498321},"geometry":{"type":"LineString","coordinates":[[-71.18874,-15.96456],[-71.18875,-15.9651]]}},{"type":"Feature","properties":{"id":782498322},"geometry":{"type":"LineString","coordinates":[[-71.1887,-15.95728],[-71.18874,-15.96456]]}},{"type":"Feature","properties":{"id":782498323},"geometry":{"type":"LineString","coordinates":[[-71.18875,-15.9651],[-71.18875,-15.9659]]}},{"type":"Feature","properties":{"id":782498324},"geometry":{"type":"LineString","coordinates":[[-71.18875,-15.96623],[-71.18878,-15.96858]]}},{"type":"Feature","properties":{"id":782498325},"geometry":{"type":"LineString","coordinates":[[-71.18878,-15.96858],[-71.18878,-15.96893]]}},{"type":"Feature","properties":{"id":782498350},"geometry":{"type":"LineString","coordinates":[[-71.18884,-15.97234],[-71.18885,-15.97238]]}},{"type":"Feature","properties":{"id":782498351},"geometry":{"type":"LineString","coordinates":[[-71.18885,-15.97238],[-71.18911,-15.97333]]}},{"type":"Feature","properties":{"id":782498352},"geometry":{"type":"LineString","coordinates":[[-71.18878,-15.96893],[-71.18884,-15.97234]]}},{"type":"Feature","properties":{"id":782498353},"geometry":{"type":"LineString","coordinates":[[-71.18911,-15.97333],[-71.18958,-15.97463]]}},{"type":"Feature","properties":{"id":782498358},"geometry":{"type":"LineString","coordinates":[[-71.18958,-15.97463],[-71.1902,-15.97527]]}},{"type":"Feature","properties":{"id":782498359},"geometry":{"type":"LineString","coordinates":[[-71.19025,-15.97531],[-71.19063,-15.97551]]}},{"type":"Feature","properties":{"id":782498360},"geometry":{"type":"LineString","coordinates":[[-71.19255,-15.97595],[-71.19408,-15.97614]]}},{"type":"Feature","properties":{"id":782498361},"geometry":{"type":"LineString","coordinates":[[-71.19408,-15.97614],[-71.19563,-15.97636]]}},{"type":"Feature","properties":{"id":782498362},"geometry":{"type":"LineString","coordinates":[[-71.19679,-15.97623],[-71.19831,-15.97561]]}},{"type":"Feature","properties":{"id":782498363},"geometry":{"type":"LineString","coordinates":[[-71.19063,-15.97551],[-71.19255,-15.97595]]}},{"type":"Feature","properties":{"id":782498364},"geometry":{"type":"LineString","coordinates":[[-71.19831,-15.97561],[-71.19972,-15.97505]]}},{"type":"Feature","properties":{"id":782498365},"geometry":{"type":"LineString","coordinates":[[-71.19563,-15.97636],[-71.19679,-15.97623]]}},{"type":"Feature","properties":{"id":782498366},"geometry":{"type":"LineString","coordinates":[[-71.2047,-15.97807],[-71.20618,-15.97883]]}},{"type":"Feature","properties":{"id":782498367},"geometry":{"type":"LineString","coordinates":[[-71.20618,-15.97883],[-71.20965,-15.97943]]}},{"type":"Feature","properties":{"id":782498368},"geometry":{"type":"LineString","coordinates":[[-71.20965,-15.97943],[-71.21269,-15.98028],[-71.21337,-15.98081]]}},{"type":"Feature","properties":{"id":782498369},"geometry":{"type":"LineString","coordinates":[[-71.21337,-15.98081],[-71.2141,-15.98167],[-71.22107,-15.98682]]}},{"type":"Feature","properties":{"id":786410328},"geometry":{"type":"LineString","coordinates":[[-71.29443,-14.22022],[-71.29449,-14.22017]]}},{"type":"Feature","properties":{"id":786410329},"geometry":{"type":"LineString","coordinates":[[-71.292,-14.22198],[-71.29203,-14.22196]]}},{"type":"Feature","properties":{"id":786420612},"geometry":{"type":"LineString","coordinates":[[-71.29203,-14.22196],[-71.29443,-14.22022]]}},{"type":"Feature","properties":{"id":786420613},"geometry":{"type":"LineString","coordinates":[[-71.28846,-14.22454],[-71.28848,-14.22452]]}},{"type":"Feature","properties":{"id":786426672},"geometry":{"type":"LineString","coordinates":[[-71.28848,-14.22452],[-71.292,-14.22198]]}},{"type":"Feature","properties":{"id":786426673},"geometry":{"type":"LineString","coordinates":[[-71.26962,-14.23821],[-71.28846,-14.22454]]}},{"type":"Feature","properties":{"id":787265456},"geometry":{"type":"LineString","coordinates":[[-71.24198,-14.24706],[-71.24765,-14.24548],[-71.25915,-14.24549],[-71.26952,-14.23828]]}},{"type":"Feature","properties":{"id":787533406},"geometry":{"type":"LineString","coordinates":[[-72.52586,-13.15494],[-72.52702,-13.15392],[-72.52804,-13.15399]]}},{"type":"Feature","properties":{"id":791914856},"geometry":{"type":"LineString","coordinates":[[-72.20645,-13.44153],[-72.20676,-13.43974],[-72.20551,-13.43705],[-72.20508,-13.4341]]}},{"type":"Feature","properties":{"id":792127781},"geometry":{"type":"LineString","coordinates":[[-72.16014,-13.46095],[-72.16773,-13.4601],[-72.18107,-13.45719]]}},{"type":"Feature","properties":{"id":798096901},"geometry":{"type":"LineString","coordinates":[[-71.54084,-13.84481],[-71.53717,-13.84667],[-71.531,-13.85496],[-71.52962,-13.85841],[-71.52537,-13.86296],[-71.52344,-13.86603],[-71.522,-13.86704],[-71.51929,-13.86775],[-71.51787,-13.86863],[-71.51492,-13.87175],[-71.51273,-13.87552],[-71.51252,-13.87682],[-71.51287,-13.88134],[-71.51189,-13.88361],[-71.51135,-13.88618],[-71.50946,-13.89567],[-71.50889,-13.9012],[-71.50656,-13.90653],[-71.50583,-13.90737],[-71.50369,-13.90872],[-71.50297,-13.91028],[-71.50345,-13.91222],[-71.50518,-13.91346],[-71.50571,-13.91427],[-71.50588,-13.91806],[-71.5073,-13.92087],[-71.50898,-13.92231],[-71.50969,-13.92531],[-71.5095,-13.93097],[-71.50905,-13.9322],[-71.5069,-13.93495],[-71.50673,-13.93728],[-71.50456,-13.94054],[-71.50441,-13.94211]]}},{"type":"Feature","properties":{"id":831559851},"geometry":{"type":"LineString","coordinates":[[-71.54126,-13.8317],[-71.54125,-13.83177]]}},{"type":"Feature","properties":{"id":831559852},"geometry":{"type":"LineString","coordinates":[[-71.54125,-13.83177],[-71.54071,-13.83641],[-71.54271,-13.83983],[-71.54306,-13.84292],[-71.54241,-13.84403],[-71.54084,-13.84481]]}},{"type":"Feature","properties":{"id":992629107},"geometry":{"type":"LineString","coordinates":[[-72.42474,-13.22502],[-72.42498,-13.22499]]}},{"type":"Feature","properties":{"id":992629108},"geometry":{"type":"LineString","coordinates":[[-72.41993,-13.22551],[-72.42254,-13.22586],[-72.42474,-13.22502]]}},{"type":"Feature","properties":{"id":992629751},"geometry":{"type":"LineString","coordinates":[[-72.43656,-13.22489],[-72.43729,-13.22519]]}},{"type":"Feature","properties":{"id":992631188},"geometry":{"type":"LineString","coordinates":[[-72.52686,-13.17567],[-72.52664,-13.17545]]}},{"type":"Feature","properties":{"id":992631189},"geometry":{"type":"LineString","coordinates":[[-72.53255,-13.18488],[-72.5337,-13.18148],[-72.53354,-13.17893],[-72.52869,-13.17696],[-72.52686,-13.17567]]}},{"type":"Feature","properties":{"id":1186077624},"geometry":{"type":"LineString","coordinates":[[-71.58143,-16.34291],[-71.57838,-16.34306],[-71.57716,-16.3437],[-71.56309,-16.35946]]}},{"type":"Feature","properties":{"id":1191314693},"geometry":{"type":"LineString","coordinates":[[-70.04231,-15.75351],[-70.0587,-15.69942]]}},{"type":"Feature","properties":{"id":1191314694},"geometry":{"type":"LineString","coordinates":[[-70.04228,-15.75361],[-70.04231,-15.75351]]}},{"type":"Feature","properties":{"id":1202694983},"geometry":{"type":"LineString","coordinates":[[-71.44477,-14.09423],[-71.44408,-14.09738],[-71.44174,-14.10242],[-71.44053,-14.10398],[-71.43922,-14.10465],[-71.43603,-14.10421],[-71.4327,-14.10491],[-71.43133,-14.10552],[-71.42006,-14.11675],[-71.41891,-14.11922],[-71.4189,-14.12596],[-71.4178,-14.12902],[-71.41608,-14.13098],[-71.41154,-14.13321],[-71.40989,-14.13461],[-71.39351,-14.16548],[-71.39042,-14.17001],[-71.38009,-14.17753],[-71.36474,-14.1854],[-71.36197,-14.18615]]}},{"type":"Feature","properties":{"id":1202694984},"geometry":{"type":"LineString","coordinates":[[-71.44478,-14.09414],[-71.44477,-14.09423]]}},{"type":"Feature","properties":{"id":1394895168},"geometry":{"type":"LineString","coordinates":[[-72.52804,-13.15399],[-72.52701,-13.15397],[-72.52586,-13.15494]]}},{"type":"Feature","properties":{"id":1395396507},"geometry":{"type":"LineString","coordinates":[[-72.50065,-13.1713],[-72.50083,-13.1712]]}},{"type":"Feature","properties":{"id":1395396508},"geometry":{"type":"LineString","coordinates":[[-72.4971,-13.17167],[-72.4996,-13.1718],[-72.50065,-13.1713]]}},{"type":"Feature","properties":{"id":1395611246},"geometry":{"type":"LineString","coordinates":[[-72.52573,-13.15512],[-72.52586,-13.15494]]}},{"type":"Feature","properties":{"id":1395611247},"geometry":{"type":"LineString","coordinates":[[-72.52804,-13.15399],[-72.53178,-13.15698]]}},{"type":"Feature","properties":{"id":1408200037},"geometry":{"type":"LineString","coordinates":[[-72.23183,-13.37907],[-72.23405,-13.37681],[-72.23482,-13.37393],[-72.23574,-13.37234]]}},{"type":"Feature","properties":{"id":1408200038},"geometry":{"type":"LineString","coordinates":[[-72.23177,-13.37914],[-72.23183,-13.37907]]}},{"type":"Feature","properties":{"id":1422748570},"geometry":{"type":"LineString","coordinates":[[-72.43729,-13.22519],[-72.43791,-13.22537],[-72.44128,-13.2241]]}},{"type":"Feature","properties":{"id":1422748571},"geometry":{"type":"LineString","coordinates":[[-72.44128,-13.2241],[-72.44146,-13.22405]]}},{"type":"Feature","properties":{"id":1422748572},"geometry":{"type":"LineString","coordinates":[[-72.44662,-13.21504],[-72.44921,-13.21449],[-72.45084,-13.21313],[-72.45108,-13.21216]]}},{"type":"Feature","properties":{"id":1422748573},"geometry":{"type":"LineString","coordinates":[[-72.44577,-13.21621],[-72.44662,-13.21504]]}},{"type":"Feature","properties":{"empalme":true,"km":0.08},"geometry":{"type":"LineString","coordinates":[[-71.97048,-13.52794],[-71.97002,-13.52851]]}},{"type":"Feature","properties":{"empalme":true,"km":0.75},"geometry":{"type":"LineString","coordinates":[[-70.13344,-15.48961],[-70.13102,-15.49597]]}},{"type":"Feature","properties":{"empalme":true,"km":1.36},"geometry":{"type":"LineString","coordinates":[[-71.97127,-13.52502],[-71.9832,-13.52121]]}}]}